contract_id,counterparty_id,commodity,qty_mt,contract_date,price_usd_mt,contract_value_usd,shipment_date,fixation_date,payment_due_date,prepayment_usd,status
1,15,Robusta,38,2026-04-17,4591.98,174495.24,2026-08-16,2026-05-24,2026-08-16,0.0,Shipped
2,34,Arabica,96,2026-07-08,5674.3,544732.8,2026-09-07,2026-08-05,2026-10-22,0.0,Shipped
3,46,Robusta,19,2026-09-12,3718.49,70651.31,2027-02-03,2026-10-31,2027-03-05,0.0,Open
4,46,Robusta,38,2026-04-17,4556.71,173154.98,2026-08-25,2026-05-31,2026-09-24,0.0,Shipped
5,38,Robusta,38,2026-03-01,4158.18,158010.84,2026-04-23,2026-04-05,2026-05-23,0.0,Shipped
6,11,Arabica,96,2026-04-17,6686.84,641936.64,2026-07-28,2026-06-23,2026-09-11,0.0,Shipped
7,49,Robusta,19,2025-12-09,4557.81,86598.39,2026-02-20,2026-02-21,2026-04-06,0.0,Shipped
8,28,Robusta,38,2026-04-01,4245.66,161335.08,2026-07-12,2026-05-10,2026-07-12,0.0,Shipped
9,28,Robusta,38,2026-04-29,4420.07,167962.66,2026-08-03,2026-06-27,2026-08-03,27403.01,Shipped
10,36,Robusta,96,2026-09-12,3848.0,369408.0,2026-11-16,2026-11-29,2026-11-16,0.0,Open
11,39,Arabica,38,2026-04-14,7168.28,272394.64,2026-07-31,2026-04-29,2026-09-14,0.0,Shipped
12,48,Robusta,96,2026-08-09,3769.46,361868.16,2026-10-09,2026-09-16,2026-11-08,0.0,Open
13,30,Arabica,57,2026-02-23,6110.57,348302.49,2026-07-11,2026-04-26,2026-07-11,0.0,Shipped
14,31,Robusta,57,2026-08-11,3794.12,216264.84,2027-01-01,2026-09-27,2027-01-01,0.0,Open
15,38,Robusta,96,2025-12-30,4901.44,470538.24,2026-02-17,2026-03-06,2026-03-19,65467.08,Shipped
16,13,Arabica,19,2026-06-30,5618.69,106755.11,2026-10-25,2026-08-14,2026-12-09,0.0,Open
17,16,Robusta,38,2026-05-21,4430.07,168342.66,2026-10-09,2026-06-09,2026-11-23,20188.06,Open
18,32,Robusta,57,2026-08-16,3880.96,221214.72,2026-09-30,2026-09-28,2026-11-14,0.0,Open
19,4,Arabica,19,2026-07-27,5544.01,105336.19,2026-11-22,2026-09-06,2026-11-22,0.0,Open
20,17,Robusta,19,2025-12-26,4668.71,88705.49,2026-05-17,2026-03-05,2026-05-17,0.0,Shipped
21,36,Robusta,19,2026-07-05,4176.39,79351.41,2026-08-31,2026-07-29,2026-08-31,10313.4,Shipped
22,49,Arabica,96,2026-04-28,6282.97,603165.12,2026-08-05,2026-05-23,2026-09-19,0.0,Shipped
23,26,Robusta,57,2025-12-08,4290.97,244585.29,2026-04-12,2026-01-01,2026-05-27,0.0,Shipped
24,20,Robusta,38,2026-03-25,4039.93,153517.34,2026-06-03,2026-05-15,2026-07-18,0.0,Shipped
25,23,Robusta,57,2026-09-16,3550.48,202377.36,2026-11-13,2026-12-04,2026-12-13,0.0,Open
26,35,Robusta,57,2026-06-13,4290.98,244585.86,2026-08-29,2026-08-07,2026-09-28,0.0,Shipped
27,28,Robusta,96,2026-06-04,4532.15,435086.4,2026-08-13,2026-08-11,2026-08-13,0.0,Shipped
28,2,Arabica,96,2026-07-08,5805.06,557285.76,2026-11-02,2026-09-16,2026-12-17,0.0,Open
29,27,Robusta,96,2026-07-18,3784.08,363271.68,2026-09-30,2026-09-10,2026-11-14,0.0,Open
30,21,Arabica,19,2026-05-01,5920.26,112484.94,2026-07-15,2026-06-24,2026-08-29,0.0,Shipped
31,36,Robusta,96,2026-06-07,4328.22,415509.12,2026-10-28,2026-07-07,2026-10-28,0.0,Open
32,44,Robusta,38,2026-07-02,3868.73,147011.74,2026-10-09,2026-09-17,2026-11-08,0.0,Open
33,49,Robusta,38,2026-05-28,4735.19,179937.22,2026-10-16,2026-08-02,2026-11-30,0.0,Open
34,31,Arabica,57,2026-06-17,5159.44,294088.08,2026-10-10,2026-08-27,2026-10-10,51902.04,Open
35,19,Robusta,57,2026-07-22,4173.3,237878.1,2026-12-05,2026-10-08,2026-12-05,32932.51,Open
36,23,Robusta,38,2026-05-16,4190.53,159240.14,2026-07-08,2026-06-22,2026-08-07,0.0,Shipped
37,9,Arabica,96,2025-12-20,5948.51,571056.96,2026-05-11,2026-01-13,2026-06-25,0.0,Shipped
38,47,Robusta,19,2026-04-30,4839.03,91941.57,2026-09-20,2026-07-09,2026-09-20,0.0,Shipped
39,43,Robusta,19,2026-04-02,4021.12,76401.28,2026-05-06,2026-05-17,2026-06-20,0.0,Shipped
40,43,Arabica,19,2025-12-07,5634.18,107049.42,2026-02-17,2026-02-22,2026-04-03,0.0,Shipped
41,17,Robusta,96,2026-03-28,4058.81,389645.76,2026-06-15,2026-05-27,2026-06-15,54896.31,Shipped
42,17,Robusta,38,2026-07-24,4024.0,152912.0,2026-10-12,2026-08-24,2026-10-12,27100.32,Open
43,43,Robusta,38,2026-06-01,4404.74,167380.12,2026-10-02,2026-07-09,2026-11-16,0.0,Open
44,28,Robusta,57,2026-05-05,4318.24,246139.68,2026-08-26,2026-06-28,2026-08-26,0.0,Shipped
45,36,Robusta,38,2026-05-09,4086.94,155303.72,2026-07-03,2026-06-18,2026-07-03,0.0,Shipped
46,25,Arabica,57,2026-08-15,5605.19,319495.83,2026-11-26,2026-09-17,2026-12-26,0.0,Open
47,23,Robusta,19,2026-08-28,3641.42,69186.98,2027-01-21,2026-09-25,2027-02-20,12592.06,Open
48,32,Arabica,19,2026-06-16,5548.6,105423.4,2026-09-06,2026-08-12,2026-10-21,0.0,Shipped
49,41,Arabica,96,2025-12-28,5421.7,520483.2,2026-05-18,2026-01-14,2026-07-02,0.0,Shipped
50,17,Arabica,38,2026-02-25,6226.89,236621.82,2026-06-12,2026-03-18,2026-06-12,0.0,Shipped
51,41,Arabica,19,2026-01-19,6350.98,120668.62,2026-06-08,2026-02-05,2026-07-23,0.0,Shipped
52,13,Arabica,38,2026-08-07,5514.4,209547.2,2026-12-23,2026-10-08,2027-02-06,0.0,Open
53,21,Arabica,38,2026-05-27,5656.2,214935.6,2026-06-28,2026-06-12,2026-08-12,0.0,Shipped
54,46,Robusta,38,2026-04-07,4592.46,174513.48,2026-08-11,2026-05-19,2026-09-10,0.0,Shipped
55,48,Robusta,38,2026-05-21,4248.63,161447.94,2026-07-12,2026-06-12,2026-08-11,0.0,Shipped
56,47,Robusta,57,2026-05-26,4490.45,255955.65,2026-10-01,2026-07-18,2026-10-01,0.0,Open
57,16,Robusta,19,2026-06-13,4210.05,79990.95,2026-10-17,2026-06-30,2026-12-01,0.0,Open
58,43,Robusta,38,2026-09-13,3854.83,146483.54,2026-11-13,2026-09-29,2026-12-28,0.0,Open
59,47,Arabica,38,2026-01-14,6251.42,237553.96,2026-02-20,2026-02-24,2026-02-20,0.0,Shipped
60,49,Robusta,57,2025-12-23,4786.08,272806.56,2026-03-13,2026-02-21,2026-04-27,0.0,Shipped
61,2,Arabica,96,2026-09-04,5795.41,556359.36,2026-11-09,2026-09-26,2026-12-24,0.0,Open
62,38,Robusta,96,2026-05-27,4580.3,439708.8,2026-08-31,2026-07-13,2026-09-30,0.0,Shipped
63,50,Robusta,38,2026-04-26,4584.5,174211.0,2026-06-04,2026-07-02,2026-07-04,0.0,Shipped
64,39,Robusta,57,2026-02-05,4392.83,250391.31,2026-03-12,2026-04-01,2026-04-26,0.0,Shipped
65,12,Robusta,19,2025-12-06,4506.03,85614.57,2026-02-26,2026-02-07,2026-02-26,0.0,Shipped
66,39,Robusta,57,2026-05-27,4509.57,257045.49,2026-09-26,2026-07-01,2026-11-10,0.0,Shipped
67,6,Robusta,19,2026-02-16,4258.76,80916.44,2026-04-24,2026-05-03,2026-05-24,0.0,Shipped
68,25,Robusta,19,2025-12-21,4484.89,85212.91,2026-02-27,2026-01-14,2026-03-29,0.0,Shipped
69,32,Robusta,57,2026-01-22,4522.31,257771.67,2026-03-12,2026-03-17,2026-04-26,0.0,Shipped
70,23,Robusta,19,2026-07-03,4401.84,83634.96,2026-09-04,2026-08-15,2026-10-04,0.0,Shipped
71,35,Robusta,38,2026-01-26,4513.22,171502.36,2026-04-01,2026-02-12,2026-05-01,24686.15,Shipped
72,13,Robusta,19,2026-05-28,4663.91,88614.29,2026-07-28,2026-08-12,2026-09-11,0.0,Shipped
73,31,Robusta,57,2026-09-23,3433.45,195706.65,2026-12-03,2026-11-22,2026-12-03,0.0,Open
74,33,Robusta,96,2026-02-13,4366.05,419140.8,2026-04-18,2026-03-14,2026-04-18,0.0,Shipped
75,32,Robusta,57,2026-01-21,4575.36,260795.52,2026-05-12,2026-02-08,2026-06-26,0.0,Shipped
76,15,Robusta,96,2026-06-17,4171.41,400455.36,2026-08-26,2026-08-14,2026-08-26,0.0,Shipped
77,16,Arabica,38,2026-05-16,5698.94,216559.72,2026-09-13,2026-07-05,2026-10-28,0.0,Shipped
78,13,Arabica,19,2026-06-11,5090.27,96715.13,2026-09-21,2026-06-29,2026-11-05,15775.19,Shipped
79,24,Arabica,19,2026-08-24,5127.36,97419.84,2026-12-08,2026-11-11,2027-01-07,15817.38,Open
80,30,Robusta,19,2025-12-04,4657.93,88500.67,2026-03-14,2026-02-03,2026-03-14,12301.63,Shipped
81,19,Robusta,19,2026-09-22,3728.97,70850.43,2027-02-09,2026-11-06,2027-02-09,0.0,Open
82,21,Robusta,38,2026-04-15,4481.67,170303.46,2026-06-14,2026-05-15,2026-07-29,0.0,Shipped
83,15,Arabica,19,2026-09-24,5585.21,106118.99,2027-02-18,2026-10-26,2027-02-18,0.0,Open
84,11,Arabica,57,2026-03-06,6092.39,347266.23,2026-04-29,2026-04-19,2026-06-13,0.0,Shipped
85,33,Arabica,19,2026-01-01,5607.72,106546.68,2026-02-16,2026-01-19,2026-02-16,0.0,Shipped
86,41,Arabica,57,2026-03-19,6189.78,352817.46,2026-07-26,2026-04-26,2026-09-09,0.0,Shipped
87,15,Robusta,38,2026-03-31,4300.0,163400.0,2026-08-15,2026-04-29,2026-08-15,0.0,Shipped
88,44,Arabica,57,2026-01-23,6100.47,347726.79,2026-03-05,2026-02-14,2026-04-04,0.0,Shipped
89,29,Arabica,57,2025-12-10,5755.13,328042.41,2026-03-21,2026-01-02,2026-04-20,40973.24,Shipped
90,9,Robusta,96,2026-01-13,4521.45,434059.2,2026-04-14,2026-02-19,2026-05-29,0.0,Shipped
91,19,Arabica,38,2026-07-21,5603.48,212932.24,2026-09-15,2026-08-29,2026-09-15,24404.76,Shipped
92,1,Robusta,38,2026-04-13,4625.97,175786.86,2026-07-14,2026-05-20,2026-08-28,0.0,Shipped
93,2,Arabica,57,2026-01-26,5927.13,337846.41,2026-05-18,2026-03-26,2026-07-02,0.0,Shipped
94,17,Arabica,57,2026-07-02,5596.63,319007.91,2026-10-08,2026-08-19,2026-10-08,0.0,Open
95,23,Robusta,38,2026-03-10,4121.4,156613.2,2026-06-10,2026-04-06,2026-07-10,0.0,Shipped
96,40,Arabica,57,2026-09-22,5668.21,323087.97,2027-02-05,2026-12-09,2027-03-07,0.0,Open
97,7,Robusta,38,2026-01-08,4455.67,169315.46,2026-03-06,2026-03-11,2026-03-06,0.0,Shipped
98,42,Arabica,38,2026-03-28,5749.15,218467.7,2026-07-10,2026-05-12,2026-08-24,0.0,Shipped
99,12,Arabica,38,2026-02-18,6081.99,231115.62,2026-04-26,2026-03-08,2026-04-26,0.0,Shipped
100,7,Arabica,96,2026-01-24,6522.27,626137.92,2026-06-19,2026-04-08,2026-06-19,0.0,Shipped
101,35,Arabica,57,2026-07-25,5513.53,314271.21,2026-09-23,2026-09-26,2026-10-23,0.0,Shipped
102,39,Robusta,19,2026-05-16,4311.37,81916.03,2026-09-27,2026-06-30,2026-11-11,0.0,Shipped
103,31,Robusta,96,2026-01-14,4451.24,427319.04,2026-04-29,2026-02-08,2026-04-29,0.0,Shipped
104,6,Robusta,57,2026-08-10,3766.97,214717.29,2026-10-04,2026-08-31,2026-11-03,0.0,Open
105,6,Robusta,19,2026-01-25,4794.45,91094.55,2026-05-26,2026-02-27,2026-06-25,16366.03,Shipped
106,20,Robusta,57,2026-07-04,3990.11,227436.27,2026-08-31,2026-08-02,2026-10-15,0.0,Shipped
107,23,Robusta,57,2026-04-09,4663.39,265813.23,2026-06-09,2026-05-07,2026-07-09,44515.35,Shipped
108,50,Robusta,96,2026-04-29,4430.4,425318.4,2026-07-09,2026-06-09,2026-08-08,0.0,Shipped
109,15,Robusta,38,2026-03-07,4206.66,159853.08,2026-06-26,2026-03-25,2026-06-26,0.0,Shipped
110,10,Arabica,57,2026-01-20,5648.28,321951.96,2026-04-06,2026-02-25,2026-04-06,0.0,Shipped
111,48,Robusta,38,2026-06-16,4194.49,159390.62,2026-09-22,2026-08-26,2026-10-22,0.0,Shipped
112,8,Arabica,38,2026-08-08,5700.58,216622.04,2026-11-12,2026-10-18,2026-12-12,29097.25,Open
113,2,Robusta,57,2026-05-25,4308.07,245559.99,2026-07-17,2026-06-09,2026-08-31,48756.9,Shipped
114,22,Robusta,96,2026-03-29,4374.02,419905.92,2026-05-25,2026-05-27,2026-07-09,0.0,Shipped
115,21,Robusta,96,2026-02-15,4321.85,414897.6,2026-04-22,2026-05-05,2026-06-06,0.0,Shipped
116,31,Robusta,96,2026-02-14,4297.79,412587.84,2026-04-11,2026-04-07,2026-04-11,0.0,Shipped
117,44,Robusta,57,2026-06-19,4385.73,249986.61,2026-11-06,2026-07-29,2026-12-06,0.0,Open
118,47,Robusta,57,2025-12-22,4416.89,251762.73,2026-03-07,2026-02-06,2026-03-07,0.0,Shipped
119,15,Robusta,38,2026-09-04,3702.21,140683.98,2026-11-21,2026-10-02,2026-11-21,0.0,Open
120,50,Robusta,96,2026-08-24,3929.44,377226.24,2026-12-12,2026-10-03,2027-01-11,0.0,Open
121,32,Robusta,38,2026-09-21,3942.94,149831.72,2027-01-23,2026-12-05,2027-03-09,0.0,Open
122,4,Robusta,38,2025-12-25,4940.83,187751.54,2026-04-16,2026-02-17,2026-04-16,28346.87,Shipped
123,47,Arabica,96,2026-08-05,5552.6,533049.6,2026-11-09,2026-09-17,2026-11-09,99989.44,Open
124,7,Robusta,57,2026-04-01,4201.76,239500.32,2026-08-26,2026-04-24,2026-08-26,0.0,Shipped
125,30,Arabica,38,2026-01-28,6371.18,242104.84,2026-06-14,2026-04-11,2026-06-14,0.0,Shipped
126,40,Arabica,96,2026-02-10,6588.12,632459.52,2026-04-05,2026-03-07,2026-05-05,0.0,Shipped
127,13,Arabica,96,2025-12-18,5503.9,528374.4,2026-02-05,2026-02-17,2026-03-22,0.0,Shipped
128,14,Arabica,38,2026-09-12,6070.11,230664.18,2026-11-28,2026-10-16,2026-12-28,0.0,Open
129,24,Robusta,57,2026-05-29,4805.1,273890.7,2026-10-06,2026-07-01,2026-11-05,0.0,Open
130,45,Robusta,38,2026-04-30,4405.99,167427.62,2026-09-22,2026-05-26,2026-09-22,0.0,Shipped
131,12,Robusta,57,2026-03-04,3959.73,225704.61,2026-06-26,2026-04-12,2026-06-26,0.0,Shipped
132,34,Arabica,96,2026-03-26,5577.17,535408.32,2026-07-16,2026-05-24,2026-08-30,0.0,Shipped
133,23,Robusta,57,2026-04-14,4605.84,262532.88,2026-06-11,2026-05-26,2026-07-11,0.0,Shipped
134,6,Robusta,96,2026-06-28,4166.47,399981.12,2026-10-07,2026-07-14,2026-11-06,0.0,Open
135,36,Arabica,57,2026-08-28,5562.11,317040.27,2026-10-19,2026-09-29,2026-10-19,0.0,Open
136,42,Robusta,96,2026-05-22,4355.94,418170.24,2026-08-24,2026-06-16,2026-10-08,51138.51,Shipped
137,29,Robusta,38,2026-07-13,4215.11,160174.18,2026-09-04,2026-08-23,2026-10-04,0.0,Shipped
138,9,Arabica,38,2026-04-15,6600.61,250823.18,2026-05-24,2026-06-27,2026-07-08,0.0,Shipped
139,8,Robusta,38,2026-02-01,4166.58,158330.04,2026-06-27,2026-04-19,2026-07-27,0.0,Shipped
140,22,Robusta,96,2026-04-16,4424.41,424743.36,2026-08-31,2026-07-04,2026-10-15,0.0,Shipped
141,26,Arabica,57,2026-04-07,6013.64,342777.48,2026-07-28,2026-04-29,2026-09-11,52197.94,Shipped
142,28,Robusta,19,2026-09-16,3893.37,73974.03,2026-12-30,2026-11-01,2026-12-30,0.0,Open
143,13,Robusta,19,2026-03-19,4504.94,85593.86,2026-05-16,2026-04-05,2026-06-30,13080.87,Shipped
144,26,Robusta,57,2026-05-20,4447.22,253491.54,2026-08-26,2026-07-06,2026-10-10,0.0,Shipped
145,15,Arabica,96,2026-08-22,5305.0,509280.0,2026-12-19,2026-10-13,2026-12-19,0.0,Open
146,35,Robusta,38,2026-07-26,3933.96,149490.48,2026-10-28,2026-09-29,2026-11-27,0.0,Open
147,40,Arabica,57,2026-02-06,6563.57,374123.49,2026-04-10,2026-03-14,2026-05-10,0.0,Shipped
148,33,Arabica,96,2025-12-27,5597.02,537313.92,2026-03-14,2026-01-13,2026-03-14,0.0,Shipped
149,1,Robusta,57,2026-04-29,4382.91,249825.87,2026-09-06,2026-06-12,2026-10-21,0.0,Shipped
150,50,Robusta,96,2025-12-10,4399.6,422361.6,2026-02-08,2026-01-21,2026-03-10,0.0,Shipped
151,2,Robusta,57,2026-08-05,3901.53,222387.21,2026-12-28,2026-09-29,2027-02-11,0.0,Open
152,50,Arabica,57,2026-07-01,5554.03,316579.71,2026-10-29,2026-07-22,2026-11-28,0.0,Open
153,2,Robusta,96,2025-12-23,4995.55,479572.8,2026-05-08,2026-02-15,2026-06-22,0.0,Shipped
154,26,Robusta,57,2026-08-07,3921.7,223536.9,2026-11-06,2026-09-17,2026-12-21,0.0,Open
155,6,Robusta,19,2026-03-15,4617.72,87736.68,2026-05-10,2026-05-17,2026-06-09,0.0,Shipped
156,5,Arabica,38,2026-07-25,5506.41,209243.58,2026-08-28,2026-10-11,2026-09-27,0.0,Shipped
157,35,Robusta,19,2026-06-21,4225.81,80290.39,2026-09-23,2026-07-20,2026-10-23,11712.75,Shipped
158,37,Arabica,57,2026-05-08,5704.86,325177.02,2026-07-24,2026-07-10,2026-08-23,0.0,Shipped
159,6,Robusta,19,2026-06-13,4058.42,77109.98,2026-07-26,2026-07-06,2026-08-25,0.0,Shipped
160,49,Arabica,57,2026-01-09,5624.23,320581.11,2026-05-30,2026-03-29,2026-07-14,0.0,Shipped
161,17,Robusta,38,2025-12-11,4681.22,177886.36,2026-05-06,2026-01-26,2026-05-06,0.0,Shipped
162,16,Robusta,19,2026-05-01,4373.04,83087.76,2026-07-14,2026-07-03,2026-08-28,0.0,Shipped
163,15,Arabica,19,2026-04-24,6401.41,121626.79,2026-08-12,2026-06-28,2026-08-12,0.0,Shipped
164,24,Arabica,57,2026-09-12,5473.6,311995.2,2026-11-30,2026-11-05,2026-12-30,0.0,Open
165,9,Robusta,19,2026-07-20,4182.96,79476.24,2026-10-17,2026-08-28,2026-12-01,0.0,Open
166,22,Robusta,96,2026-09-17,3664.7,351811.2,2026-12-30,2026-11-20,2027-02-13,0.0,Open
167,11,Robusta,96,2026-01-15,4864.87,467027.52,2026-04-04,2026-03-01,2026-05-19,0.0,Shipped
168,3,Robusta,57,2026-07-22,3893.36,221921.52,2026-11-25,2026-09-17,2026-12-25,0.0,Open
169,19,Robusta,19,2026-06-18,4157.06,78984.14,2026-08-09,2026-08-11,2026-08-09,0.0,Shipped
170,34,Arabica,96,2026-01-19,5660.43,543401.28,2026-05-09,2026-03-05,2026-06-23,0.0,Shipped
171,39,Robusta,57,2026-02-27,4161.39,237199.23,2026-07-24,2026-03-21,2026-09-07,0.0,Shipped
172,18,Arabica,38,2026-03-26,5619.62,213545.56,2026-08-05,2026-04-29,2026-09-04,0.0,Shipped
173,17,Robusta,19,2026-09-17,3644.51,69245.69,2026-10-22,2026-12-01,2026-10-22,10604.21,Open
174,40,Robusta,57,2026-04-13,4356.2,248303.4,2026-05-26,2026-05-31,2026-06-25,0.0,Shipped
175,35,Arabica,96,2026-04-13,6698.07,643014.72,2026-07-27,2026-06-08,2026-08-26,0.0,Shipped
176,42,Robusta,19,2026-06-25,4295.15,81607.85,2026-11-12,2026-07-26,2026-12-27,0.0,Open
177,46,Arabica,19,2026-02-17,6645.32,126261.08,2026-06-28,2026-04-18,2026-07-28,0.0,Shipped
178,42,Robusta,38,2025-12-24,4795.05,182211.9,2026-05-11,2026-02-08,2026-06-25,0.0,Shipped
179,47,Arabica,57,2026-07-13,6017.29,342985.53,2026-08-29,2026-08-11,2026-08-29,0.0,Shipped
180,21,Arabica,38,2026-06-21,5224.46,198529.48,2026-09-21,2026-07-15,2026-11-05,0.0,Shipped
181,20,Arabica,38,2026-06-24,5281.59,200700.42,2026-10-19,2026-08-03,2026-12-03,0.0,Open
182,17,Robusta,38,2026-01-21,4526.05,171989.9,2026-05-05,2026-03-13,2026-05-05,0.0,Shipped
183,12,Robusta,19,2026-09-05,3787.68,71965.92,2027-01-06,2026-10-08,2027-01-06,0.0,Open
184,38,Robusta,19,2026-01-03,4757.37,90390.03,2026-02-27,2026-02-02,2026-03-29,0.0,Shipped
185,36,Robusta,19,2026-02-08,4556.08,86565.52,2026-05-03,2026-03-12,2026-05-03,0.0,Shipped
186,41,Robusta,57,2026-05-06,4164.67,237386.19,2026-07-28,2026-06-09,2026-09-11,0.0,Shipped
187,9,Robusta,96,2026-04-06,4422.8,424588.8,2026-08-26,2026-06-08,2026-10-10,0.0,Shipped
188,25,Robusta,38,2026-01-03,4610.41,175195.58,2026-02-26,2026-02-19,2026-03-28,0.0,Shipped
189,12,Robusta,19,2026-02-10,4273.69,81200.11,2026-04-20,2026-03-27,2026-04-20,13442.04,Shipped
190,45,Robusta,38,2026-07-07,4055.97,154126.86,2026-08-08,2026-08-01,2026-08-08,0.0,Shipped
191,14,Robusta,96,2026-09-13,3624.13,347916.48,2026-10-31,2026-11-02,2026-11-30,0.0,Open
192,8,Robusta,19,2026-03-15,4766.99,90572.81,2026-08-09,2026-05-31,2026-09-08,0.0,Shipped
193,29,Arabica,38,2026-08-16,5613.6,213316.8,2026-12-25,2026-10-18,2027-01-24,0.0,Open
194,44,Robusta,57,2026-09-02,3839.14,218830.98,2026-11-02,2026-10-16,2026-12-02,0.0,Open
195,46,Robusta,38,2025-12-08,4469.64,169846.32,2026-04-01,2026-01-11,2026-05-01,0.0,Shipped
196,5,Robusta,38,2026-05-09,4510.19,171387.22,2026-08-18,2026-06-15,2026-09-17,0.0,Shipped
197,17,Arabica,38,2026-03-17,6129.99,232939.62,2026-08-02,2026-04-02,2026-08-02,0.0,Shipped
198,8,Robusta,38,2026-07-25,3898.18,148130.84,2026-09-29,2026-08-10,2026-10-29,0.0,Open
199,16,Robusta,57,2026-08-29,3747.61,213613.77,2027-01-25,2026-11-02,2027-03-11,0.0,Open
200,27,Arabica,57,2026-09-10,5879.01,335103.57,2026-11-23,2026-11-18,2027-01-07,0.0,Open
201,15,Robusta,19,2026-06-14,4162.5,79087.5,2026-10-08,2026-08-30,2026-10-08,0.0,Open
202,4,Arabica,19,2026-09-27,5587.07,106154.33,2026-12-13,2026-11-21,2026-12-13,0.0,Open
203,26,Arabica,38,2026-05-25,5364.76,203860.88,2026-09-12,2026-08-08,2026-10-27,0.0,Shipped
204,3,Robusta,96,2026-06-23,4510.14,432973.44,2026-09-01,2026-08-04,2026-10-01,0.0,Shipped
205,12,Robusta,19,2026-04-23,4454.78,84640.82,2026-09-01,2026-05-24,2026-09-01,16201.61,Shipped
206,1,Arabica,19,2026-04-05,5984.78,113710.82,2026-07-20,2026-05-05,2026-09-03,0.0,Shipped
207,5,Arabica,57,2026-06-28,5404.17,308037.69,2026-08-31,2026-07-28,2026-09-30,0.0,Shipped
208,22,Robusta,38,2026-05-15,4203.35,159727.3,2026-10-07,2026-07-17,2026-11-21,0.0,Open
209,43,Robusta,19,2026-09-05,3959.59,75232.21,2026-12-29,2026-09-20,2027-02-12,0.0,Open
210,39,Robusta,19,2026-06-30,4262.69,80991.11,2026-09-19,2026-09-14,2026-11-03,0.0,Shipped
211,5,Robusta,57,2025-12-09,4624.24,263581.68,2026-01-24,2026-02-12,2026-02-23,0.0,Shipped
212,2,Arabica,57,2025-12-05,5663.92,322843.44,2026-04-30,2026-01-13,2026-06-14,0.0,Shipped
213,17,Robusta,57,2026-05-06,4236.0,241452.0,2026-09-03,2026-07-05,2026-09-03,0.0,Shipped
214,33,Arabica,38,2025-12-21,5392.2,204903.6,2026-04-10,2026-01-13,2026-04-10,0.0,Shipped
215,38,Arabica,57,2026-05-01,6341.34,361456.38,2026-09-07,2026-06-13,2026-10-07,0.0,Shipped
216,42,Arabica,96,2026-08-22,5471.27,525241.92,2026-12-02,2026-09-13,2027-01-16,0.0,Open
217,18,Arabica,38,2026-01-11,6177.25,234735.5,2026-03-09,2026-02-02,2026-04-08,0.0,Shipped
218,9,Arabica,38,2026-05-27,5316.18,202014.84,2026-07-24,2026-06-11,2026-09-07,0.0,Shipped
219,2,Arabica,19,2026-03-29,5629.21,106954.99,2026-05-07,2026-06-03,2026-06-21,0.0,Shipped
220,8,Arabica,57,2026-03-18,5931.55,338098.35,2026-04-24,2026-05-20,2026-05-24,39916.65,Shipped
221,4,Robusta,19,2026-06-28,4285.64,81427.16,2026-10-23,2026-09-09,2026-10-23,0.0,Open
222,44,Robusta,19,2026-02-20,4016.0,76304.0,2026-07-02,2026-05-09,2026-08-01,0.0,Shipped
223,14,Robusta,57,2026-05-01,4431.04,252569.28,2026-06-19,2026-07-17,2026-07-19,0.0,Shipped
224,42,Arabica,19,2026-06-11,5163.95,98115.05,2026-09-17,2026-08-29,2026-11-01,0.0,Shipped
225,28,Arabica,96,2026-07-01,5298.32,508638.72,2026-08-14,2026-07-17,2026-08-14,0.0,Shipped
226,27,Robusta,38,2026-02-17,4009.49,152360.62,2026-05-07,2026-04-23,2026-06-21,0.0,Shipped
227,23,Robusta,38,2026-07-16,4163.12,158198.56,2026-11-17,2026-09-16,2026-12-17,0.0,Open
228,41,Robusta,57,2026-08-22,3927.65,223876.05,2026-12-27,2026-09-16,2027-02-10,29132.78,Open
229,3,Arabica,57,2026-01-07,6158.35,351025.95,2026-05-30,2026-01-30,2026-06-29,0.0,Shipped
230,5,Robusta,38,2026-06-21,4423.89,168107.82,2026-08-27,2026-09-07,2026-09-26,0.0,Shipped
231,22,Robusta,96,2026-03-20,4736.33,454687.68,2026-08-10,2026-05-31,2026-09-24,0.0,Shipped
232,20,Arabica,96,2026-02-26,6592.81,632909.76,2026-06-30,2026-04-03,2026-08-14,0.0,Shipped
233,28,Arabica,19,2026-01-20,6123.6,116348.4,2026-03-31,2026-02-08,2026-03-31,0.0,Shipped
234,37,Robusta,57,2026-03-25,4129.1,235358.7,2026-06-02,2026-04-30,2026-07-02,0.0,Shipped
235,30,Robusta,38,2026-02-28,4069.13,154626.94,2026-04-11,2026-03-15,2026-04-11,0.0,Shipped
236,13,Arabica,96,2026-01-20,5832.34,559904.64,2026-06-09,2026-03-20,2026-07-24,0.0,Shipped
237,17,Arabica,38,2025-12-19,5349.76,203290.88,2026-02-11,2026-01-27,2026-02-11,22397.52,Shipped
238,38,Arabica,38,2026-09-14,6194.11,235376.18,2026-11-15,2026-10-02,2026-12-15,0.0,Open
239,11,Robusta,57,2026-02-18,4218.6,240460.2,2026-05-08,2026-05-07,2026-06-22,0.0,Shipped
240,26,Robusta,96,2026-08-07,3787.22,363573.12,2026-09-22,2026-10-14,2026-11-06,0.0,Shipped
241,27,Robusta,19,2026-01-04,4476.65,85056.35,2026-05-10,2026-03-18,2026-06-24,0.0,Shipped
242,38,Arabica,57,2026-09-14,5927.27,337854.39,2027-01-05,2026-12-02,2027-02-04,0.0,Open
243,36,Robusta,38,2026-07-16,4401.39,167252.82,2026-09-02,2026-07-31,2026-09-02,0.0,Shipped
244,24,Robusta,57,2026-08-02,4163.2,237302.4,2026-09-20,2026-10-06,2026-10-20,0.0,Shipped
245,16,Arabica,57,2026-03-31,5622.8,320499.6,2026-05-02,2026-06-05,2026-06-16,0.0,Shipped
246,19,Arabica,96,2026-09-27,5646.45,542059.2,2027-02-17,2026-12-01,2027-02-17,0.0,Open
247,21,Arabica,96,2026-09-23,5653.69,542754.24,2026-12-14,2026-10-25,2027-01-28,0.0,Open
248,11,Robusta,57,2026-04-30,4545.07,259068.99,2026-08-16,2026-06-09,2026-09-30,0.0,Shipped
249,32,Robusta,57,2025-12-11,4611.42,262850.94,2026-01-27,2026-02-24,2026-03-13,0.0,Shipped
250,11,Robusta,96,2026-04-23,4548.97,436701.12,2026-06-19,2026-05-12,2026-08-03,0.0,Shipped
251,33,Robusta,19,2026-05-18,4348.92,82629.48,2026-08-20,2026-07-13,2026-08-20,0.0,Shipped
252,38,Robusta,57,2026-03-15,4465.31,254522.67,2026-05-09,2026-05-20,2026-06-08,0.0,Shipped
253,49,Robusta,96,2026-04-16,4695.15,450734.4,2026-07-28,2026-06-21,2026-09-11,0.0,Shipped
254,6,Robusta,19,2026-06-05,4443.34,84423.46,2026-10-23,2026-07-28,2026-11-22,0.0,Open
255,38,Arabica,96,2026-04-05,6318.91,606615.36,2026-06-10,2026-06-08,2026-07-10,0.0,Shipped
256,5,Arabica,57,2026-09-28,5296.27,301887.39,2027-01-08,2026-12-11,2027-02-07,0.0,Open
257,17,Robusta,38,2026-07-17,4052.94,154011.72,2026-12-03,2026-09-19,2026-12-03,0.0,Open
258,9,Robusta,38,2026-03-10,4514.89,171565.82,2026-07-25,2026-04-01,2026-09-08,0.0,Shipped
259,9,Robusta,38,2026-06-18,4430.42,168355.96,2026-07-18,2026-07-18,2026-09-01,33495.14,Shipped
260,9,Robusta,96,2026-09-12,3457.67,331936.32,2026-10-25,2026-10-16,2026-12-09,0.0,Open
261,3,Robusta,96,2026-08-22,3728.77,357961.92,2027-01-17,2026-09-28,2027-02-16,0.0,Open
262,42,Robusta,96,2026-01-12,4358.22,418389.12,2026-06-02,2026-02-19,2026-07-17,0.0,Shipped
263,4,Arabica,57,2026-06-22,5644.72,321749.04,2026-08-29,2026-07-21,2026-08-29,0.0,Shipped
264,20,Robusta,19,2026-09-22,3729.11,70853.09,2026-12-23,2026-11-20,2027-02-06,0.0,Open
265,35,Arabica,96,2026-02-22,6174.38,592740.48,2026-05-31,2026-03-16,2026-06-30,0.0,Shipped
266,50,Robusta,19,2026-04-22,4590.46,87218.74,2026-08-10,2026-06-27,2026-09-09,10389.1,Shipped
267,43,Robusta,19,2026-05-16,3968.54,75402.26,2026-09-13,2026-07-12,2026-10-28,0.0,Shipped
268,7,Robusta,19,2026-01-03,4466.26,84858.94,2026-03-18,2026-03-21,2026-03-18,0.0,Shipped
269,50,Robusta,96,2026-06-26,4165.32,399870.72,2026-11-09,2026-07-11,2026-12-09,0.0,Open
270,33,Robusta,38,2026-04-10,4638.82,176275.16,2026-05-17,2026-05-14,2026-05-17,0.0,Shipped
271,9,Arabica,19,2026-02-17,5935.64,112777.16,2026-03-22,2026-05-01,2026-05-06,0.0,Shipped
272,23,Robusta,19,2026-03-30,4239.52,80550.88,2026-08-21,2026-05-16,2026-09-20,0.0,Shipped
273,46,Robusta,38,2026-07-28,4136.6,157190.8,2026-09-17,2026-09-17,2026-10-17,0.0,Shipped
274,20,Robusta,57,2026-03-08,4053.69,231060.33,2026-08-04,2026-03-24,2026-09-18,28986.09,Shipped
275,10,Robusta,96,2026-02-17,4306.37,413411.52,2026-04-22,2026-04-22,2026-04-22,0.0,Shipped
276,44,Robusta,57,2026-08-23,3782.57,215606.49,2026-11-04,2026-09-23,2026-12-04,0.0,Open
277,48,Robusta,57,2026-08-10,4080.6,232594.2,2026-09-12,2026-10-26,2026-10-12,41297.57,Shipped
278,49,Arabica,96,2026-03-10,6287.52,603601.92,2026-07-31,2026-04-18,2026-09-14,0.0,Shipped
279,48,Robusta,96,2026-08-24,3728.09,357896.64,2026-11-05,2026-09-20,2026-12-05,0.0,Open
280,44,Robusta,38,2026-01-07,4725.13,179554.94,2026-02-26,2026-03-01,2026-03-28,0.0,Shipped
281,23,Arabica,96,2026-08-27,5226.0,501696.0,2026-11-23,2026-10-12,2026-12-23,0.0,Open
282,10,Arabica,57,2025-12-10,5678.64,323682.48,2026-01-27,2026-01-24,2026-01-27,0.0,Shipped
283,31,Robusta,96,2026-03-11,4290.51,411888.96,2026-07-13,2026-05-26,2026-07-13,0.0,Shipped
284,12,Robusta,19,2026-05-19,4275.6,81236.4,2026-06-26,2026-06-26,2026-06-26,0.0,Shipped
285,24,Robusta,19,2026-07-10,4213.7,80060.3,2026-10-07,2026-08-19,2026-11-06,0.0,Open
286,33,Robusta,96,2026-06-17,4302.91,413079.36,2026-09-01,2026-08-11,2026-09-01,0.0,Shipped
287,48,Robusta,57,2026-02-16,4233.44,241306.08,2026-03-22,2026-03-14,2026-04-21,0.0,Shipped
288,15,Arabica,19,2026-02-15,6251.67,118781.73,2026-03-23,2026-04-24,2026-03-23,0.0,Shipped
289,13,Robusta,96,2026-07-28,4194.5,402672.0,2026-10-28,2026-08-26,2026-12-12,0.0,Open
290,37,Arabica,19,2026-04-19,6562.83,124693.77,2026-07-05,2026-05-19,2026-08-04,0.0,Shipped
291,1,Robusta,57,2025-12-05,4565.09,260210.13,2026-01-19,2025-12-20,2026-03-05,31835.97,Shipped
292,29,Arabica,19,2026-07-13,5943.41,112924.79,2026-08-28,2026-08-19,2026-09-27,0.0,Shipped
293,38,Arabica,19,2026-03-04,6383.78,121291.82,2026-07-08,2026-04-25,2026-08-07,0.0,Shipped
294,28,Robusta,96,2026-08-08,3747.56,359765.76,2026-12-03,2026-10-07,2026-12-03,0.0,Open
295,20,Robusta,96,2026-01-21,4792.2,460051.2,2026-05-03,2026-04-04,2026-06-17,0.0,Shipped
296,42,Robusta,19,2026-08-08,3848.79,73127.01,2026-12-16,2026-10-12,2027-01-30,0.0,Open
297,19,Arabica,19,2026-07-01,5640.55,107170.45,2026-08-08,2026-08-05,2026-08-08,0.0,Shipped
298,36,Robusta,57,2026-05-14,4214.44,240223.08,2026-09-03,2026-07-21,2026-09-03,0.0,Shipped
299,24,Robusta,19,2026-06-09,4135.33,78571.27,2026-10-07,2026-07-06,2026-11-06,0.0,Open
300,2,Robusta,57,2026-08-08,4083.73,232772.61,2026-10-01,2026-09-05,2026-11-15,0.0,Open
301,27,Arabica,96,2026-03-20,6070.04,582723.84,2026-06-22,2026-04-27,2026-08-06,0.0,Shipped
302,3,Robusta,96,2026-09-23,3732.51,358320.96,2027-01-23,2026-11-12,2027-02-22,0.0,Open
303,47,Robusta,19,2025-12-07,4616.12,87706.28,2026-03-19,2026-01-04,2026-03-19,0.0,Shipped
304,31,Arabica,19,2026-09-13,5884.12,111798.28,2026-11-11,2026-11-25,2026-11-11,0.0,Open
305,19,Robusta,57,2026-06-20,4380.7,249699.9,2026-10-07,2026-07-22,2026-10-07,0.0,Open
306,25,Arabica,19,2025-12-24,5521.36,104905.84,2026-04-24,2026-02-02,2026-05-24,18685.04,Shipped
307,31,Robusta,57,2026-08-13,4070.96,232044.72,2026-09-13,2026-10-06,2026-09-13,0.0,Shipped
308,14,Robusta,38,2026-09-07,3753.25,142623.5,2026-12-14,2026-10-19,2027-01-13,0.0,Open
309,15,Arabica,57,2026-02-17,6583.52,375260.64,2026-05-18,2026-03-30,2026-05-18,0.0,Shipped
310,21,Arabica,19,2026-09-07,5858.09,111303.71,2026-11-20,2026-11-25,2027-01-04,0.0,Open
311,13,Arabica,96,2026-01-02,5574.63,535164.48,2026-02-06,2026-02-14,2026-03-23,0.0,Shipped
312,38,Robusta,57,2026-05-16,4403.3,250988.1,2026-06-25,2026-06-07,2026-07-25,25164.43,Shipped
313,6,Robusta,19,2026-01-11,4486.47,85242.93,2026-05-11,2026-03-14,2026-06-10,13959.53,Shipped
314,42,Robusta,38,2026-07-17,4024.79,152942.02,2026-11-23,2026-09-15,2027-01-07,0.0,Open
315,18,Robusta,19,2026-08-17,3868.47,73500.93,2026-11-05,2026-09-15,2026-12-05,0.0,Open
316,29,Robusta,38,2025-12-14,4711.52,179037.76,2026-05-05,2026-02-22,2026-06-04,0.0,Shipped
317,8,Robusta,38,2026-02-12,4167.12,158350.56,2026-07-03,2026-03-24,2026-08-02,0.0,Shipped
318,20,Robusta,19,2025-12-29,4821.69,91612.11,2026-04-17,2026-01-22,2026-06-01,0.0,Shipped
319,38,Robusta,57,2026-06-25,4206.68,239780.76,2026-10-02,2026-07-21,2026-11-01,0.0,Open
320,14,Robusta,57,2026-05-30,4608.36,262676.52,2026-10-22,2026-07-30,2026-11-21,0.0,Open
321,7,Robusta,19,2026-04-08,4428.71,84145.49,2026-07-20,2026-05-07,2026-07-20,0.0,Shipped
322,27,Arabica,19,2026-05-17,5999.88,113997.72,2026-10-06,2026-07-01,2026-11-20,0.0,Open
323,9,Arabica,19,2026-07-18,5829.53,110761.07,2026-12-12,2026-09-18,2027-01-26,0.0,Open
324,16,Robusta,57,2026-06-08,4171.95,237801.15,2026-07-31,2026-08-17,2026-09-14,0.0,Shipped
325,23,Arabica,38,2026-03-30,5737.78,218035.64,2026-07-17,2026-05-15,2026-08-16,27475.57,Shipped
326,29,Arabica,19,2026-09-17,5813.22,110451.18,2027-01-12,2026-11-29,2027-02-11,0.0,Open
327,32,Robusta,19,2026-06-20,4245.52,80664.88,2026-10-26,2026-07-24,2026-12-10,0.0,Open
328,34,Robusta,96,2026-07-03,4145.41,397959.36,2026-09-12,2026-09-12,2026-10-27,0.0,Shipped
329,43,Robusta,38,2026-09-07,3963.59,150616.42,2027-01-18,2026-10-08,2027-03-04,0.0,Open
330,4,Robusta,57,2026-08-23,3771.34,214966.38,2026-11-19,2026-09-11,2026-11-19,0.0,Open
331,19,Arabica,38,2026-05-03,6043.94,229669.72,2026-07-18,2026-07-04,2026-07-18,0.0,Shipped
332,1,Arabica,19,2026-08-29,5581.12,106041.28,2026-10-16,2026-11-01,2026-11-30,0.0,Open
333,1,Robusta,38,2026-06-17,4429.51,168321.38,2026-08-24,2026-08-31,2026-10-08,0.0,Shipped
334,11,Arabica,19,2026-04-13,6791.93,129046.67,2026-09-06,2026-06-26,2026-10-21,0.0,Shipped
335,30,Robusta,57,2026-01-09,4369.17,249042.69,2026-05-04,2026-01-30,2026-05-04,0.0,Shipped
336,45,Robusta,38,2026-08-30,3743.59,142256.42,2026-12-25,2026-10-24,2026-12-25,0.0,Open
337,39,Arabica,38,2026-05-21,5722.5,217455.0,2026-10-05,2026-07-20,2026-11-19,0.0,Open
338,33,Robusta,19,2026-08-29,3805.96,72313.24,2026-10-30,2026-10-22,2026-10-30,0.0,Open
339,39,Robusta,96,2026-05-23,4368.01,419328.96,2026-09-09,2026-06-08,2026-10-24,0.0,Shipped
340,9,Robusta,19,2026-05-07,4389.21,83394.99,2026-07-20,2026-05-24,2026-09-03,9698.79,Shipped
341,42,Arabica,57,2026-02-01,6541.29,372853.53,2026-06-12,2026-03-31,2026-07-27,0.0,Shipped
342,45,Robusta,96,2026-05-19,4219.89,405109.44,2026-08-07,2026-07-28,2026-08-07,65049.6,Shipped
343,5,Robusta,57,2025-12-22,4760.48,271347.36,2026-05-03,2026-01-17,2026-06-02,49115.81,Shipped
344,24,Robusta,57,2026-08-18,3912.17,222993.69,2026-12-15,2026-09-05,2027-01-14,0.0,Open
345,42,Robusta,96,2026-09-13,3557.75,341544.0,2027-01-13,2026-10-24,2027-02-27,0.0,Open
346,24,Robusta,19,2026-09-27,3844.42,73043.98,2027-02-15,2026-11-01,2027-03-17,0.0,Open
347,43,Arabica,96,2026-06-13,5061.44,485898.24,2026-10-15,2026-08-30,2026-11-29,0.0,Open
348,47,Arabica,57,2026-08-02,5554.16,316587.12,2026-10-09,2026-10-16,2026-10-09,0.0,Open
349,24,Arabica,38,2026-09-01,5608.23,213112.74,2026-12-02,2026-10-22,2027-01-01,0.0,Open
350,3,Arabica,38,2026-07-20,5675.38,215664.44,2026-10-14,2026-10-04,2026-11-13,0.0,Open
351,18,Robusta,57,2025-12-10,4473.94,255014.58,2026-01-16,2026-01-08,2026-02-15,0.0,Shipped
352,11,Robusta,96,2026-01-31,4191.64,402397.44,2026-05-12,2026-04-20,2026-06-26,0.0,Shipped
353,24,Robusta,57,2026-09-23,3715.02,211756.14,2026-12-14,2026-11-06,2027-01-13,0.0,Open
354,30,Robusta,19,2025-12-28,4667.43,88681.17,2026-03-15,2026-02-11,2026-03-15,0.0,Shipped
355,24,Arabica,38,2026-07-29,5703.79,216744.02,2026-09-10,2026-08-16,2026-10-10,0.0,Shipped
356,10,Arabica,57,2026-05-30,5450.17,310659.69,2026-08-28,2026-06-25,2026-08-28,0.0,Shipped
357,16,Arabica,38,2026-06-22,5356.35,203541.3,2026-09-29,2026-07-19,2026-11-13,22908.65,Open
358,34,Robusta,96,2026-05-30,4464.54,428595.84,2026-07-11,2026-07-15,2026-08-25,0.0,Shipped
359,2,Robusta,57,2026-02-12,4299.3,245060.1,2026-05-29,2026-03-11,2026-07-13,0.0,Shipped
360,11,Robusta,19,2026-02-27,3866.15,73456.85,2026-04-18,2026-03-20,2026-06-02,0.0,Shipped
361,45,Robusta,57,2026-04-03,4367.09,248924.13,2026-05-20,2026-05-27,2026-05-20,0.0,Shipped
362,5,Robusta,19,2026-03-24,4591.4,87236.6,2026-06-10,2026-06-03,2026-07-10,0.0,Shipped
363,21,Robusta,38,2026-02-22,4202.12,159680.56,2026-05-09,2026-03-13,2026-06-23,0.0,Shipped
364,11,Robusta,38,2026-08-04,3952.84,150207.92,2026-12-21,2026-09-24,2027-02-04,0.0,Open
365,6,Arabica,96,2026-06-02,5310.7,509827.2,2026-07-10,2026-08-18,2026-08-09,0.0,Shipped
366,22,Robusta,96,2026-08-27,3981.86,382258.56,2026-11-06,2026-10-07,2026-12-21,0.0,Open
367,27,Robusta,38,2026-03-01,4272.34,162348.92,2026-06-27,2026-03-27,2026-08-11,0.0,Shipped
368,9,Arabica,57,2026-05-20,5198.78,296330.46,2026-07-18,2026-06-09,2026-09-01,0.0,Shipped
369,4,Robusta,57,2026-03-21,4462.71,254374.47,2026-08-15,2026-06-04,2026-08-15,0.0,Shipped
370,7,Arabica,57,2026-04-12,7098.96,404640.72,2026-08-09,2026-05-23,2026-08-09,68342.99,Shipped
371,33,Arabica,57,2026-07-08,5807.0,330999.0,2026-11-28,2026-07-29,2026-11-28,0.0,Open
372,44,Robusta,96,2026-08-18,3674.52,352753.92,2027-01-08,2026-10-28,2027-02-07,0.0,Open
373,10,Arabica,96,2025-12-11,5673.56,544661.76,2026-01-23,2026-02-16,2026-01-23,0.0,Shipped
374,17,Arabica,96,2026-07-03,5382.09,516680.64,2026-09-26,2026-09-01,2026-09-26,0.0,Shipped
375,18,Arabica,19,2026-08-27,5643.85,107233.15,2026-12-24,2026-09-16,2027-01-23,0.0,Open
376,19,Arabica,38,2026-06-29,5309.11,201746.18,2026-07-30,2026-07-19,2026-07-30,33207.62,Shipped
377,13,Arabica,38,2026-01-01,5582.72,212143.36,2026-03-26,2026-01-30,2026-05-10,0.0,Shipped
378,3,Robusta,57,2026-07-12,3943.06,224754.42,2026-11-01,2026-08-06,2026-12-01,0.0,Open
379,27,Robusta,57,2025-12-06,4485.31,255662.67,2026-04-10,2026-01-24,2026-05-25,0.0,Shipped
380,18,Arabica,57,2026-05-13,6207.48,353826.36,2026-07-31,2026-06-22,2026-08-30,0.0,Shipped
381,18,Arabica,38,2026-01-13,6125.79,232780.02,2026-05-26,2026-03-18,2026-06-25,0.0,Shipped
382,14,Robusta,38,2026-03-17,4426.88,168221.44,2026-07-05,2026-04-07,2026-08-04,24181.67,Shipped
383,47,Arabica,38,2026-09-15,5813.22,220902.36,2026-10-20,2026-11-16,2026-10-20,0.0,Open
384,31,Robusta,96,2026-04-29,4202.45,403435.2,2026-07-01,2026-07-13,2026-07-01,0.0,Shipped
385,21,Arabica,38,2026-05-26,5074.1,192815.8,2026-10-15,2026-06-18,2026-11-29,0.0,Open
386,11,Arabica,19,2026-07-30,5682.63,107969.97,2026-08-29,2026-09-25,2026-10-13,0.0,Shipped
387,41,Robusta,96,2026-04-17,4646.94,446106.24,2026-05-29,2026-06-04,2026-07-13,0.0,Shipped
388,45,Robusta,19,2026-08-29,3715.1,70586.9,2026-11-08,2026-09-19,2026-11-08,0.0,Open
389,2,Robusta,57,2026-03-03,4397.81,250675.17,2026-07-30,2026-04-06,2026-09-13,0.0,Shipped
390,47,Robusta,96,2026-01-25,4551.18,436913.28,2026-05-19,2026-04-01,2026-05-19,0.0,Shipped
391,35,Robusta,38,2026-09-01,3730.37,141754.06,2026-10-18,2026-11-11,2026-11-17,0.0,Open
392,5,Robusta,38,2026-05-08,4080.31,155051.78,2026-07-24,2026-06-15,2026-08-23,0.0,Shipped
393,38,Robusta,38,2026-03-16,4617.75,175474.5,2026-08-05,2026-04-06,2026-09-04,0.0,Shipped
394,6,Robusta,19,2026-09-10,3952.18,75091.42,2026-11-05,2026-10-10,2026-12-05,0.0,Open
395,3,Robusta,19,2026-06-04,4261.24,80963.56,2026-09-11,2026-08-12,2026-10-11,0.0,Shipped
396,6,Arabica,19,2026-07-13,5915.97,112403.43,2026-10-06,2026-09-03,2026-11-05,12143.61,Open
397,23,Arabica,38,2026-09-17,6281.92,238712.96,2027-01-16,2026-10-29,2027-02-15,0.0,Open
398,31,Arabica,57,2026-01-30,6190.02,352831.14,2026-05-30,2026-02-14,2026-05-30,0.0,Shipped
399,21,Arabica,19,2026-05-18,5889.66,111903.54,2026-09-24,2026-07-22,2026-11-08,0.0,Shipped
400,7,Arabica,96,2026-02-15,6454.29,619611.84,2026-03-31,2026-04-01,2026-03-31,0.0,Shipped
401,10,Robusta,57,2026-04-05,4303.93,245324.01,2026-06-28,2026-05-25,2026-06-28,0.0,Shipped
402,43,Arabica,19,2026-01-09,5955.06,113146.14,2026-05-02,2026-03-19,2026-06-16,17047.53,Shipped
403,49,Robusta,96,2025-12-03,4758.65,456830.4,2026-02-21,2026-01-23,2026-04-07,84720.19,Shipped
404,38,Robusta,19,2026-04-01,4533.84,86142.96,2026-07-20,2026-06-15,2026-08-19,0.0,Shipped
405,6,Robusta,57,2026-06-15,4171.89,237797.73,2026-09-29,2026-08-05,2026-10-29,0.0,Open
406,41,Arabica,38,2026-05-25,5210.49,197998.62,2026-08-07,2026-07-01,2026-09-21,0.0,Shipped
407,35,Arabica,57,2026-01-24,6210.98,354025.86,2026-03-07,2026-04-08,2026-04-06,0.0,Shipped
408,27,Robusta,96,2026-05-24,4612.26,442776.96,2026-10-17,2026-07-19,2026-12-01,0.0,Open
409,8,Robusta,96,2026-04-26,4230.27,406105.92,2026-09-02,2026-06-29,2026-10-02,0.0,Shipped
410,50,Robusta,38,2026-08-01,3911.83,148649.54,2026-12-16,2026-08-30,2027-01-15,0.0,Open
411,23,Arabica,57,2025-12-05,5726.79,326427.03,2026-02-08,2026-02-01,2026-03-10,49384.07,Shipped
412,3,Arabica,96,2026-03-17,5810.03,557762.88,2026-05-23,2026-05-07,2026-06-22,0.0,Shipped
413,11,Robusta,57,2026-06-21,4413.97,251596.29,2026-08-28,2026-07-12,2026-10-12,0.0,Shipped
414,21,Robusta,96,2026-04-06,4624.55,443956.8,2026-05-09,2026-05-07,2026-06-23,0.0,Shipped
415,4,Robusta,38,2026-05-31,4499.82,170993.16,2026-07-20,2026-08-13,2026-07-20,0.0,Shipped
416,17,Robusta,38,2026-08-13,3911.69,148644.22,2026-10-18,2026-10-04,2026-10-18,0.0,Open
417,24,Arabica,57,2026-01-09,6036.8,344097.6,2026-06-06,2026-03-15,2026-07-06,66708.05,Shipped
418,48,Arabica,96,2026-01-06,5812.71,558020.16,2026-03-01,2026-02-01,2026-03-31,0.0,Shipped
419,5,Robusta,96,2026-01-21,4796.14,460429.44,2026-04-21,2026-02-19,2026-05-21,0.0,Shipped
420,29,Robusta,57,2026-06-10,4226.14,240889.98,2026-09-13,2026-08-25,2026-10-13,0.0,Shipped
421,46,Robusta,57,2026-07-14,4143.57,236183.49,2026-09-25,2026-08-25,2026-10-25,0.0,Shipped
422,41,Robusta,57,2026-09-14,3510.83,200117.31,2027-02-01,2026-11-25,2027-03-18,0.0,Open
423,47,Robusta,38,2026-02-21,4041.93,153593.34,2026-04-03,2026-04-29,2026-04-03,0.0,Shipped
424,9,Robusta,38,2026-06-22,4120.95,156596.1,2026-11-03,2026-07-28,2026-12-18,0.0,Open
425,41,Arabica,38,2026-01-04,5531.87,210211.06,2026-05-03,2026-03-21,2026-06-17,0.0,Shipped
426,49,Robusta,96,2026-01-11,4300.04,412803.84,2026-03-18,2026-03-17,2026-05-02,64352.31,Shipped
427,17,Robusta,57,2026-08-21,3872.63,220739.91,2026-12-21,2026-09-13,2026-12-21,0.0,Open
428,25,Robusta,96,2025-12-27,4864.79,467019.84,2026-03-18,2026-01-17,2026-04-17,0.0,Shipped
429,27,Robusta,19,2026-08-17,3843.59,73028.21,2027-01-10,2026-09-09,2027-02-24,0.0,Open
430,25,Arabica,96,2026-05-04,6038.77,579721.92,2026-06-07,2026-07-06,2026-07-07,0.0,Shipped
431,15,Robusta,57,2026-05-09,4280.3,243977.1,2026-06-11,2026-06-02,2026-06-11,0.0,Shipped
432,49,Arabica,96,2025-12-16,5470.85,525201.6,2026-03-21,2026-01-18,2026-05-05,0.0,Shipped
433,48,Arabica,38,2026-03-15,6052.57,229997.66,2026-08-03,2026-04-27,2026-09-02,0.0,Shipped
434,20,Robusta,38,2026-01-09,4643.78,176463.64,2026-02-15,2026-02-01,2026-04-01,0.0,Shipped
435,41,Arabica,19,2026-04-03,6116.48,116213.12,2026-08-04,2026-05-09,2026-09-18,0.0,Shipped
436,20,Arabica,96,2026-01-24,6342.25,608856.0,2026-06-15,2026-03-24,2026-07-30,0.0,Shipped
437,40,Robusta,57,2026-01-16,4700.77,267943.89,2026-04-14,2026-04-04,2026-05-14,0.0,Shipped
438,30,Robusta,96,2026-01-14,4571.42,438856.32,2026-05-28,2026-02-28,2026-05-28,0.0,Shipped
439,24,Arabica,19,2026-05-28,5360.52,101849.88,2026-09-25,2026-07-30,2026-10-25,0.0,Shipped
440,7,Arabica,19,2026-06-06,5275.93,100242.67,2026-07-31,2026-07-25,2026-07-31,0.0,Shipped
441,33,Robusta,96,2025-12-07,4793.38,460164.48,2026-04-18,2026-01-21,2026-04-18,0.0,Shipped
442,17,Robusta,19,2026-02-14,4306.22,81818.18,2026-06-07,2026-04-03,2026-06-07,0.0,Shipped
443,11,Robusta,57,2025-12-27,5087.26,289973.82,2026-01-27,2026-03-14,2026-03-13,0.0,Shipped
444,10,Arabica,38,2026-04-08,6484.56,246413.28,2026-07-15,2026-04-26,2026-07-15,0.0,Shipped
445,50,Robusta,96,2025-12-24,5014.3,481372.8,2026-04-11,2026-02-10,2026-05-11,0.0,Shipped
446,6,Robusta,96,2026-02-25,4195.31,402749.76,2026-07-01,2026-03-15,2026-07-31,0.0,Shipped
447,40,Arabica,96,2026-02-18,6616.95,635227.2,2026-06-20,2026-04-30,2026-07-20,0.0,Shipped
448,44,Arabica,38,2026-08-06,5442.48,206814.24,2026-11-01,2026-09-29,2026-12-01,31139.01,Open
449,2,Arabica,57,2026-04-11,6837.67,389747.19,2026-06-15,2026-04-29,2026-07-30,0.0,Shipped
450,30,Robusta,57,2026-02-21,4483.7,255570.9,2026-04-15,2026-04-17,2026-04-15,0.0,Shipped
451,29,Robusta,96,2026-02-12,4218.67,404992.32,2026-03-24,2026-03-27,2026-04-23,0.0,Shipped
452,18,Arabica,19,2025-12-15,5626.75,106908.25,2026-03-31,2026-01-02,2026-04-30,13918.76,Shipped
453,34,Arabica,96,2026-06-22,5284.79,507339.84,2026-11-14,2026-09-08,2026-12-29,0.0,Open
454,21,Robusta,38,2026-06-30,4095.32,155622.16,2026-08-08,2026-08-08,2026-09-22,0.0,Shipped
455,22,Arabica,19,2025-12-12,5822.87,110634.53,2026-04-05,2025-12-28,2026-05-20,0.0,Shipped
456,22,Robusta,57,2025-12-07,4377.1,249494.7,2026-03-17,2026-01-30,2026-05-01,0.0,Shipped
457,41,Robusta,96,2026-08-06,3797.07,364518.72,2026-09-25,2026-09-14,2026-11-09,0.0,Shipped
458,32,Robusta,19,2026-06-07,4448.87,84528.53,2026-08-01,2026-08-03,2026-09-15,0.0,Shipped
459,19,Robusta,19,2025-12-18,4645.43,88263.17,2026-02-20,2026-01-12,2026-02-20,0.0,Shipped
460,47,Robusta,96,2026-07-31,4213.8,404524.8,2026-11-20,2026-10-07,2026-11-20,0.0,Open
461,41,Arabica,96,2026-02-06,6520.62,625979.52,2026-04-12,2026-03-20,2026-05-27,0.0,Shipped
462,47,Robusta,19,2026-08-26,3807.47,72341.93,2027-01-02,2026-10-07,2027-01-02,0.0,Open
463,37,Robusta,96,2026-08-06,3830.06,367685.76,2026-10-19,2026-10-12,2026-11-18,0.0,Open
464,20,Robusta,96,2026-02-05,4411.23,423478.08,2026-03-20,2026-03-27,2026-05-04,0.0,Shipped
465,39,Robusta,96,2026-03-30,4060.31,389789.76,2026-05-10,2026-04-14,2026-06-24,0.0,Shipped
466,17,Robusta,19,2026-04-15,4617.25,87727.75,2026-07-02,2026-06-06,2026-07-02,0.0,Shipped
467,14,Robusta,57,2026-01-15,4627.25,263753.25,2026-04-03,2026-03-12,2026-05-03,0.0,Shipped
468,23,Robusta,96,2026-06-28,4166.75,400008.0,2026-10-24,2026-08-02,2026-11-23,0.0,Open
469,49,Arabica,96,2026-05-01,6123.47,587853.12,2026-07-27,2026-05-27,2026-09-10,0.0,Shipped
470,29,Arabica,57,2026-03-30,5612.56,319915.92,2026-05-18,2026-04-17,2026-06-17,0.0,Shipped
471,20,Robusta,19,2026-02-19,4388.4,83379.6,2026-04-15,2026-04-30,2026-05-30,0.0,Shipped
472,24,Arabica,19,2026-06-21,5243.74,99631.06,2026-09-26,2026-07-06,2026-10-26,0.0,Shipped
473,15,Arabica,38,2026-03-22,5863.83,222825.54,2026-05-31,2026-05-13,2026-05-31,0.0,Shipped
474,33,Arabica,19,2026-05-17,6045.32,114861.08,2026-09-04,2026-07-25,2026-09-04,16872.35,Shipped
475,18,Arabica,19,2026-04-19,7030.66,133582.54,2026-09-06,2026-05-26,2026-10-06,0.0,Shipped
476,28,Arabica,19,2026-01-13,5831.09,110790.71,2026-03-26,2026-02-10,2026-03-26,0.0,Shipped
477,19,Arabica,96,2026-06-02,5111.16,490671.36,2026-09-06,2026-08-02,2026-09-06,0.0,Shipped
478,17,Arabica,57,2026-03-12,6334.0,361038.0,2026-07-19,2026-05-06,2026-07-19,0.0,Shipped
479,49,Robusta,57,2025-12-20,4624.16,263577.12,2026-02-13,2026-01-04,2026-03-30,0.0,Shipped
480,18,Arabica,96,2026-02-12,6039.05,579748.8,2026-05-14,2026-04-05,2026-06-13,0.0,Shipped
481,4,Robusta,38,2025-12-06,4612.78,175285.64,2026-02-10,2025-12-21,2026-02-10,0.0,Shipped
482,19,Arabica,38,2026-04-06,6203.94,235749.72,2026-07-20,2026-05-16,2026-07-20,0.0,Shipped
483,27,Robusta,19,2026-07-06,4458.86,84718.34,2026-11-02,2026-08-09,2026-12-17,0.0,Open
484,5,Robusta,38,2025-12-05,4510.77,171409.26,2026-01-20,2026-02-12,2026-02-19,0.0,Shipped
485,16,Robusta,19,2026-03-19,4676.32,88850.08,2026-05-10,2026-06-05,2026-06-24,14573.99,Shipped
486,9,Robusta,57,2026-07-18,3852.87,219613.59,2026-08-19,2026-09-16,2026-10-03,0.0,Shipped
487,26,Robusta,96,2026-06-25,4075.69,391266.24,2026-07-26,2026-08-26,2026-09-09,0.0,Shipped
488,37,Robusta,57,2026-07-12,4134.83,235685.31,2026-08-17,2026-07-28,2026-09-16,0.0,Shipped
489,49,Robusta,38,2026-01-21,4747.09,180389.42,2026-05-15,2026-02-09,2026-06-29,0.0,Shipped
490,20,Robusta,57,2026-09-01,3649.28,208008.96,2027-01-17,2026-11-05,2027-03-03,0.0,Open
491,44,Robusta,96,2026-02-19,4297.74,412583.04,2026-05-09,2026-04-02,2026-06-08,0.0,Shipped
492,11,Arabica,38,2026-04-15,6357.22,241574.36,2026-08-28,2026-06-01,2026-10-12,0.0,Shipped
493,40,Robusta,38,2026-09-06,3830.73,145567.74,2027-01-01,2026-11-04,2027-01-31,23993.67,Open
494,29,Robusta,57,2026-03-28,4399.36,250763.52,2026-08-01,2026-05-04,2026-08-31,0.0,Shipped
495,38,Robusta,19,2026-02-15,4254.09,80827.71,2026-06-13,2026-04-15,2026-07-13,0.0,Shipped
496,38,Robusta,96,2026-02-23,4159.4,399302.4,2026-04-17,2026-04-26,2026-05-17,0.0,Shipped
497,27,Robusta,38,2026-04-23,4480.35,170253.3,2026-07-24,2026-05-23,2026-09-07,0.0,Shipped
498,13,Arabica,38,2026-06-20,5352.73,203403.74,2026-09-21,2026-08-18,2026-11-05,0.0,Shipped
499,27,Arabica,57,2026-08-10,5872.33,334722.81,2026-11-24,2026-09-05,2027-01-08,0.0,Open
500,42,Robusta,19,2026-09-25,3782.98,71876.62,2027-01-28,2026-10-30,2027-03-14,0.0,Open
501,49,Arabica,19,2026-06-13,5079.05,96501.95,2026-07-26,2026-08-17,2026-09-09,0.0,Shipped
502,47,Robusta,19,2026-03-23,4183.81,79492.39,2026-07-11,2026-06-09,2026-07-11,0.0,Shipped
503,10,Robusta,38,2026-09-17,3585.26,136239.88,2027-01-24,2026-10-06,2027-01-24,0.0,Open
504,30,Robusta,57,2025-12-03,4382.36,249794.52,2026-01-15,2026-01-29,2026-01-15,0.0,Shipped
505,6,Robusta,19,2026-04-06,4469.42,84918.98,2026-06-24,2026-05-28,2026-07-24,0.0,Shipped
506,34,Arabica,38,2026-07-02,5483.02,208354.76,2026-11-16,2026-08-25,2026-12-31,0.0,Open
507,50,Arabica,96,2025-12-14,5894.27,565849.92,2026-01-15,2026-02-18,2026-02-14,0.0,Shipped
508,3,Arabica,96,2026-08-04,5695.07,546726.72,2026-09-22,2026-08-23,2026-10-22,0.0,Shipped
509,33,Robusta,19,2025-12-15,4542.81,86313.39,2026-04-20,2026-02-16,2026-04-20,0.0,Shipped
510,48,Arabica,57,2026-07-06,5911.8,336972.6,2026-08-25,2026-08-08,2026-09-24,0.0,Shipped
511,43,Robusta,19,2026-06-07,3903.52,74166.88,2026-09-29,2026-07-02,2026-11-13,0.0,Open
512,20,Robusta,57,2026-05-24,4508.47,256982.79,2026-10-09,2026-07-07,2026-11-23,0.0,Open
513,6,Robusta,96,2025-12-04,4525.87,434483.52,2026-03-03,2025-12-20,2026-04-02,0.0,Shipped
514,47,Arabica,96,2026-07-15,6376.16,612111.36,2026-10-11,2026-09-08,2026-10-11,0.0,Open
515,47,Arabica,19,2025-12-11,5788.82,109987.58,2026-03-02,2026-01-31,2026-03-02,0.0,Shipped
516,29,Robusta,38,2026-06-16,4069.74,154650.12,2026-08-29,2026-08-03,2026-09-28,0.0,Shipped
517,49,Robusta,96,2026-07-05,4363.98,418942.08,2026-09-18,2026-07-21,2026-11-02,0.0,Shipped
518,1,Arabica,96,2026-03-21,5948.16,571023.36,2026-06-25,2026-05-24,2026-08-09,0.0,Shipped
519,31,Arabica,38,2026-03-04,6222.33,236448.54,2026-07-19,2026-03-21,2026-07-19,0.0,Shipped
520,2,Robusta,19,2026-06-17,4257.57,80893.83,2026-11-11,2026-07-19,2026-12-26,0.0,Open
521,47,Arabica,38,2026-08-19,5422.28,206046.64,2026-12-30,2026-09-28,2026-12-30,0.0,Open
522,35,Arabica,57,2026-06-02,5434.57,309770.49,2026-07-16,2026-08-01,2026-08-15,39455.79,Shipped
523,46,Arabica,38,2026-04-19,6799.48,258380.24,2026-06-24,2026-05-30,2026-07-24,0.0,Shipped
524,29,Robusta,96,2026-09-16,3696.77,354889.92,2027-01-14,2026-11-23,2027-02-13,0.0,Open
525,5,Arabica,96,2026-09-05,6052.54,581043.84,2026-12-09,2026-11-19,2027-01-08,0.0,Open
526,2,Robusta,96,2025-12-27,5019.73,481894.08,2026-03-07,2026-03-01,2026-04-21,0.0,Shipped
527,17,Arabica,19,2026-09-18,6227.5,118322.5,2026-11-24,2026-10-05,2026-11-24,0.0,Open
528,38,Robusta,96,2026-05-29,4708.41,452007.36,2026-07-12,2026-08-02,2026-08-11,0.0,Shipped
529,8,Robusta,96,2026-02-11,4347.94,417402.24,2026-04-21,2026-03-11,2026-05-21,0.0,Shipped
530,43,Robusta,38,2026-06-22,4383.06,166556.28,2026-09-10,2026-09-02,2026-10-25,27757.38,Shipped
531,12,Robusta,57,2026-05-03,4311.12,245733.84,2026-07-21,2026-07-20,2026-07-21,0.0,Shipped
532,25,Robusta,96,2026-09-03,3761.46,361100.16,2026-12-07,2026-09-23,2027-01-06,0.0,Open
533,11,Robusta,96,2026-02-02,4274.59,410360.64,2026-04-05,2026-02-23,2026-05-20,0.0,Shipped
534,24,Robusta,57,2026-03-22,4501.8,256602.6,2026-05-15,2026-05-21,2026-06-14,0.0,Shipped
535,23,Robusta,19,2026-01-16,4836.43,91892.17,2026-06-01,2026-02-09,2026-07-01,0.0,Shipped
536,1,Arabica,57,2026-01-12,6051.27,344922.39,2026-03-31,2026-03-30,2026-05-15,0.0,Shipped
537,29,Arabica,57,2026-06-15,5191.73,295928.61,2026-08-14,2026-08-04,2026-09-13,0.0,Shipped
538,40,Arabica,19,2026-09-16,6251.4,118776.6,2026-12-31,2026-11-07,2027-01-30,0.0,Open
539,47,Robusta,96,2026-06-17,4334.18,416081.28,2026-09-20,2026-08-26,2026-09-20,0.0,Shipped
540,17,Robusta,19,2026-08-16,3897.59,74054.21,2026-11-23,2026-09-14,2026-11-23,0.0,Open
541,45,Arabica,96,2026-04-22,6458.79,620043.84,2026-06-17,2026-06-12,2026-06-17,0.0,Shipped
542,44,Robusta,57,2026-08-16,3899.46,222269.22,2026-12-10,2026-11-03,2027-01-09,0.0,Open
543,50,Robusta,38,2025-12-26,4764.6,181054.8,2026-02-17,2026-01-11,2026-03-19,0.0,Shipped
544,19,Arabica,19,2026-04-01,5772.5,109677.5,2026-08-09,2026-04-27,2026-08-09,0.0,Shipped
545,43,Arabica,19,2026-07-15,6127.66,116425.54,2026-10-03,2026-08-08,2026-11-17,0.0,Open
546,29,Robusta,57,2025-12-26,4805.67,273923.19,2026-03-15,2026-01-31,2026-04-14,0.0,Shipped
547,3,Arabica,38,2026-02-10,6409.36,243555.68,2026-04-27,2026-03-05,2026-05-27,0.0,Shipped
548,14,Robusta,96,2026-05-20,4481.17,430192.32,2026-08-08,2026-06-15,2026-09-07,0.0,Shipped
549,34,Arabica,19,2026-08-16,5777.37,109770.03,2026-12-03,2026-10-25,2027-01-17,0.0,Open
550,9,Robusta,96,2026-06-17,4355.7,418147.2,2026-09-14,2026-08-01,2026-10-29,0.0,Shipped
551,22,Robusta,96,2026-04-06,4258.59,408824.64,2026-05-21,2026-05-14,2026-07-05,0.0,Shipped
552,39,Arabica,19,2026-02-11,6560.46,124648.74,2026-05-19,2026-03-25,2026-07-03,0.0,Shipped
553,8,Robusta,57,2026-07-12,4056.67,231230.19,2026-09-12,2026-09-28,2026-10-12,0.0,Shipped
554,25,Arabica,96,2026-02-18,6159.71,591332.16,2026-04-01,2026-04-05,2026-05-01,0.0,Shipped
555,11,Robusta,38,2026-07-06,4301.8,163468.4,2026-11-13,2026-08-20,2026-12-28,0.0,Open
556,27,Arabica,19,2026-07-16,6100.34,115906.46,2026-09-21,2026-09-29,2026-11-05,0.0,Shipped
557,13,Arabica,96,2026-05-17,6133.95,588859.2,2026-08-26,2026-06-03,2026-10-10,0.0,Shipped
558,49,Robusta,38,2026-08-11,4077.06,154928.28,2026-09-30,2026-09-26,2026-11-14,0.0,Open
559,4,Arabica,19,2026-05-30,5383.71,102290.49,2026-08-08,2026-08-01,2026-08-08,0.0,Shipped
560,49,Robusta,96,2026-06-13,4226.18,405713.28,2026-08-28,2026-07-31,2026-10-12,0.0,Shipped
561,40,Robusta,57,2026-07-06,4237.41,241532.37,2026-08-21,2026-09-15,2026-09-20,0.0,Shipped
562,43,Robusta,19,2026-02-08,4291.3,81534.7,2026-07-04,2026-04-21,2026-08-18,13836.88,Shipped
563,43,Arabica,38,2026-06-21,5151.15,195743.7,2026-08-27,2026-07-27,2026-10-11,0.0,Shipped
564,10,Arabica,19,2026-03-04,6228.44,118340.36,2026-06-11,2026-05-11,2026-06-11,0.0,Shipped
565,47,Arabica,96,2026-02-24,6375.19,612018.24,2026-06-01,2026-03-26,2026-06-01,0.0,Shipped
566,30,Arabica,19,2026-03-13,5820.47,110588.93,2026-06-02,2026-04-12,2026-06-02,0.0,Shipped
567,49,Arabica,96,2026-07-10,5751.08,552103.68,2026-10-18,2026-09-26,2026-12-02,0.0,Open
568,44,Robusta,57,2026-01-23,4577.47,260915.79,2026-04-30,2026-02-07,2026-05-30,0.0,Shipped
569,29,Arabica,57,2026-07-20,5559.13,316870.41,2026-08-28,2026-08-26,2026-09-27,0.0,Shipped
570,19,Robusta,96,2026-07-07,4061.79,389931.84,2026-10-25,2026-08-31,2026-10-25,0.0,Open
571,6,Robusta,96,2026-01-09,4437.99,426047.04,2026-02-21,2026-02-19,2026-03-23,0.0,Shipped
572,6,Robusta,19,2026-06-19,4497.23,85447.37,2026-09-09,2026-08-27,2026-10-09,0.0,Shipped
573,20,Robusta,19,2026-03-03,4283.35,81383.65,2026-05-15,2026-04-03,2026-06-29,10035.97,Shipped
574,41,Robusta,19,2026-09-16,3612.34,68634.46,2026-12-08,2026-11-05,2027-01-22,0.0,Open
575,26,Robusta,57,2026-03-28,4282.81,244120.17,2026-05-05,2026-04-20,2026-06-19,0.0,Shipped
576,25,Robusta,57,2026-01-11,4479.46,255329.22,2026-05-05,2026-02-08,2026-06-04,0.0,Shipped
577,13,Robusta,19,2026-02-28,4037.72,76716.68,2026-05-19,2026-03-26,2026-07-03,0.0,Shipped
578,29,Arabica,19,2026-04-07,6093.71,115780.49,2026-05-14,2026-06-09,2026-06-13,0.0,Shipped
579,32,Arabica,57,2026-01-17,6286.17,358311.69,2026-02-16,2026-02-14,2026-04-02,0.0,Shipped
580,50,Robusta,57,2026-07-01,4130.59,235443.63,2026-10-03,2026-08-28,2026-11-02,0.0,Open
581,37,Robusta,38,2026-06-07,4104.41,155967.58,2026-09-24,2026-07-14,2026-10-24,0.0,Shipped
582,31,Robusta,96,2026-09-08,3740.08,359047.68,2026-12-12,2026-10-29,2026-12-12,0.0,Open
583,46,Robusta,96,2026-03-03,4214.79,404619.84,2026-06-27,2026-05-13,2026-07-27,0.0,Shipped
584,22,Arabica,96,2026-02-23,5974.68,573569.28,2026-06-23,2026-05-05,2026-08-07,0.0,Shipped
585,47,Robusta,38,2026-02-15,4305.07,163592.66,2026-06-29,2026-03-02,2026-06-29,0.0,Shipped
586,19,Arabica,96,2026-02-16,6377.3,612220.8,2026-07-13,2026-04-22,2026-07-13,0.0,Shipped
587,7,Arabica,57,2026-08-21,5447.3,310496.1,2027-01-04,2026-11-06,2027-01-04,60043.32,Open
588,21,Robusta,57,2026-03-13,4762.06,271437.42,2026-07-16,2026-05-10,2026-08-30,0.0,Shipped
589,7,Arabica,38,2026-02-12,6540.29,248531.02,2026-05-04,2026-03-11,2026-05-04,0.0,Shipped
590,6,Robusta,96,2026-07-29,4282.07,411078.72,2026-10-27,2026-09-25,2026-11-26,0.0,Open
591,45,Arabica,57,2026-05-09,6348.45,361861.65,2026-08-20,2026-07-04,2026-08-20,0.0,Shipped
592,40,Arabica,19,2025-12-29,5757.02,109383.38,2026-02-17,2026-02-25,2026-03-19,0.0,Shipped
593,12,Arabica,96,2026-05-27,5376.19,516114.24,2026-09-15,2026-07-08,2026-09-15,0.0,Shipped
594,42,Arabica,19,2026-02-15,6408.02,121752.38,2026-05-26,2026-04-05,2026-07-10,0.0,Shipped
595,4,Arabica,57,2026-04-22,6412.35,365503.95,2026-07-23,2026-06-18,2026-07-23,0.0,Shipped
596,15,Arabica,57,2026-03-15,6257.09,356654.13,2026-07-23,2026-04-29,2026-07-23,0.0,Shipped
597,36,Robusta,57,2026-03-25,4104.42,233951.94,2026-07-15,2026-05-29,2026-07-15,0.0,Shipped
598,16,Arabica,19,2026-03-17,5969.48,113420.12,2026-08-05,2026-05-17,2026-09-19,0.0,Shipped
599,37,Arabica,38,2026-02-07,6484.69,246418.22,2026-07-04,2026-03-13,2026-08-03,0.0,Shipped
600,44,Robusta,96,2025-12-31,4723.65,453470.4,2026-05-09,2026-02-23,2026-06-08,0.0,Shipped
601,4,Arabica,19,2026-07-02,5574.86,105922.34,2026-09-05,2026-09-04,2026-09-05,0.0,Shipped
602,2,Robusta,57,2025-12-24,4875.53,277905.21,2026-02-14,2026-02-08,2026-03-31,0.0,Shipped
603,48,Robusta,96,2026-03-24,3957.62,379931.52,2026-05-28,2026-05-24,2026-06-27,0.0,Shipped
604,27,Robusta,96,2026-04-03,4110.2,394579.2,2026-07-27,2026-04-26,2026-09-10,0.0,Shipped
605,26,Robusta,57,2026-06-22,4211.02,240028.14,2026-11-02,2026-08-01,2026-12-17,0.0,Open
606,24,Arabica,38,2026-05-26,5132.35,195029.3,2026-10-08,2026-07-25,2026-11-07,0.0,Open
607,22,Robusta,57,2026-03-17,4558.39,259828.23,2026-07-07,2026-05-29,2026-08-21,0.0,Shipped
608,35,Robusta,38,2026-06-11,4220.14,160365.32,2026-09-30,2026-08-06,2026-10-30,0.0,Open
609,29,Robusta,57,2026-07-04,4313.17,245850.69,2026-11-25,2026-08-31,2026-12-25,0.0,Open
610,9,Robusta,57,2026-01-26,4643.93,264704.01,2026-05-18,2026-03-04,2026-07-02,0.0,Shipped
611,32,Arabica,57,2026-05-27,5522.06,314757.42,2026-07-12,2026-07-26,2026-08-26,0.0,Shipped
612,34,Arabica,19,2026-03-19,6011.76,114223.44,2026-06-17,2026-04-26,2026-08-01,0.0,Shipped
613,6,Robusta,96,2026-09-19,3781.9,363062.4,2026-12-01,2026-10-07,2026-12-31,50765.26,Open
614,19,Robusta,57,2026-09-05,3858.83,219953.31,2026-12-20,2026-10-06,2026-12-20,0.0,Open
615,40,Robusta,96,2026-01-17,4699.33,451135.68,2026-05-03,2026-03-12,2026-06-02,0.0,Shipped
616,31,Arabica,57,2026-08-17,5592.68,318782.76,2026-10-21,2026-11-02,2026-10-21,0.0,Open
617,7,Robusta,96,2026-02-02,4433.16,425583.36,2026-04-08,2026-03-21,2026-04-08,43628.66,Shipped
618,3,Robusta,96,2026-01-01,4416.79,424011.84,2026-02-10,2026-03-12,2026-03-12,0.0,Shipped
619,30,Robusta,96,2026-05-07,4259.17,408880.32,2026-07-11,2026-07-11,2026-07-11,0.0,Shipped
620,24,Robusta,57,2026-01-06,4642.75,264636.75,2026-05-15,2026-02-26,2026-06-14,0.0,Shipped
621,49,Robusta,57,2026-05-23,4555.63,259670.91,2026-09-08,2026-07-29,2026-10-23,0.0,Shipped
622,27,Robusta,19,2025-12-17,4726.82,89809.58,2026-05-09,2026-01-27,2026-06-23,0.0,Shipped
623,47,Arabica,38,2026-07-19,5632.33,214028.54,2026-12-07,2026-08-31,2026-12-07,0.0,Open
624,11,Arabica,38,2026-05-23,5547.87,210819.06,2026-10-02,2026-07-24,2026-11-16,0.0,Open
625,23,Robusta,96,2026-06-04,4340.92,416728.32,2026-07-25,2026-07-30,2026-08-24,0.0,Shipped
626,7,Arabica,57,2026-02-05,6361.45,362602.65,2026-04-16,2026-03-26,2026-04-16,39863.71,Shipped
627,29,Arabica,38,2026-09-15,5977.73,227153.74,2026-10-21,2026-10-28,2026-11-20,0.0,Open
628,10,Robusta,19,2026-01-23,4567.7,86786.3,2026-03-05,2026-04-11,2026-03-05,0.0,Shipped
629,25,Robusta,57,2026-09-21,3602.95,205368.15,2026-11-17,2026-10-10,2026-12-17,0.0,Open
630,18,Robusta,38,2026-06-26,4241.89,161191.82,2026-08-28,2026-07-14,2026-09-27,0.0,Shipped
631,10,Arabica,19,2026-04-03,6175.45,117333.55,2026-05-04,2026-05-19,2026-05-04,0.0,Shipped
632,5,Robusta,38,2026-08-16,3983.13,151358.94,2026-12-25,2026-09-02,2027-01-24,0.0,Open
633,26,Arabica,96,2026-05-04,6115.05,587044.8,2026-08-05,2026-06-10,2026-09-19,0.0,Shipped
634,48,Robusta,19,2025-12-03,4514.51,85775.69,2026-03-21,2026-01-23,2026-04-20,0.0,Shipped
635,10,Robusta,38,2026-01-25,4647.05,176587.9,2026-05-13,2026-03-07,2026-05-13,0.0,Shipped
636,21,Arabica,57,2026-09-19,6283.02,358132.14,2027-02-12,2026-10-17,2027-03-29,0.0,Open
637,12,Robusta,19,2026-04-04,3982.96,75676.24,2026-05-21,2026-05-07,2026-05-21,9123.82,Shipped
638,41,Arabica,19,2026-04-02,5875.43,111633.17,2026-06-12,2026-05-26,2026-07-27,0.0,Shipped
639,21,Arabica,96,2026-09-08,5983.72,574437.12,2026-11-14,2026-11-23,2026-12-29,0.0,Open
640,49,Arabica,57,2026-03-17,5706.93,325295.01,2026-06-21,2026-05-21,2026-08-05,0.0,Shipped
641,13,Robusta,19,2026-04-25,4483.48,85186.12,2026-07-27,2026-06-14,2026-09-10,0.0,Shipped
642,5,Arabica,19,2026-03-08,6321.24,120103.56,2026-07-10,2026-03-31,2026-08-09,0.0,Shipped
643,30,Robusta,38,2026-07-01,4100.73,155827.74,2026-10-06,2026-07-31,2026-10-06,0.0,Open
644,33,Robusta,57,2026-07-14,4182.75,238416.75,2026-09-10,2026-08-26,2026-09-10,0.0,Shipped
645,50,Arabica,57,2026-02-20,6615.29,377071.53,2026-05-28,2026-03-23,2026-06-27,0.0,Shipped
646,44,Arabica,19,2026-02-24,6339.07,120442.33,2026-07-19,2026-04-24,2026-08-18,0.0,Shipped
647,45,Robusta,57,2026-08-11,3853.17,219630.69,2026-11-18,2026-09-18,2026-11-18,0.0,Open
648,32,Robusta,96,2026-07-26,4041.95,388027.2,2026-11-04,2026-10-03,2026-12-19,0.0,Open
649,18,Arabica,19,2026-04-06,6204.42,117883.98,2026-05-27,2026-05-08,2026-06-26,0.0,Shipped
650,22,Arabica,19,2026-01-23,6032.2,114611.8,2026-02-22,2026-03-11,2026-04-08,0.0,Shipped
651,7,Robusta,96,2026-07-30,4078.86,391570.56,2026-09-23,2026-09-29,2026-09-23,0.0,Shipped
652,22,Arabica,57,2026-07-25,5317.17,303078.69,2026-08-27,2026-08-22,2026-10-11,0.0,Shipped
653,19,Robusta,96,2026-01-29,4432.79,425547.84,2026-04-23,2026-04-03,2026-04-23,0.0,Shipped
654,2,Robusta,38,2026-03-03,4274.39,162426.82,2026-07-16,2026-04-25,2026-08-30,0.0,Shipped
655,11,Arabica,38,2026-01-01,5765.84,219101.92,2026-03-25,2026-02-27,2026-05-09,0.0,Shipped
656,27,Arabica,19,2026-02-05,6387.18,121356.42,2026-05-23,2026-03-21,2026-07-07,0.0,Shipped
657,19,Robusta,19,2025-12-17,4463.72,84810.68,2026-04-28,2026-03-02,2026-04-28,0.0,Shipped
658,50,Robusta,38,2026-08-03,3808.09,144707.42,2026-12-02,2026-10-07,2027-01-01,0.0,Open
659,24,Robusta,19,2026-07-09,4065.84,77250.96,2026-10-25,2026-08-05,2026-11-24,0.0,Open
660,48,Arabica,96,2026-07-19,6109.7,586531.2,2026-11-20,2026-09-08,2026-12-20,0.0,Open
661,34,Robusta,57,2026-09-12,3823.86,217960.02,2026-11-14,2026-11-24,2026-12-29,0.0,Open
662,3,Robusta,96,2026-02-07,4315.27,414265.92,2026-04-28,2026-03-12,2026-05-28,0.0,Shipped
663,11,Arabica,57,2026-03-14,6252.08,356368.56,2026-05-30,2026-05-02,2026-07-14,0.0,Shipped
664,36,Robusta,38,2026-09-03,3763.12,142998.56,2027-01-06,2026-11-06,2027-01-06,0.0,Open
665,28,Robusta,57,2026-07-31,4031.38,229788.66,2026-10-18,2026-09-01,2026-10-18,35620.33,Open
666,16,Robusta,19,2026-08-02,3710.34,70496.46,2026-12-22,2026-09-19,2027-02-05,0.0,Open
667,27,Arabica,96,2026-05-31,4911.03,471458.88,2026-07-22,2026-07-20,2026-09-05,0.0,Shipped
668,46,Robusta,57,2026-05-15,4321.73,246338.61,2026-07-04,2026-06-10,2026-08-03,0.0,Shipped
669,20,Robusta,19,2026-07-04,3935.21,74768.99,2026-10-27,2026-07-30,2026-12-11,0.0,Open
670,3,Robusta,57,2025-12-23,4697.09,267734.13,2026-04-23,2026-02-12,2026-05-23,0.0,Shipped
671,16,Arabica,57,2026-07-27,5483.95,312585.15,2026-11-15,2026-08-22,2026-12-30,0.0,Open
672,47,Arabica,19,2026-04-13,6627.04,125913.76,2026-06-18,2026-06-28,2026-06-18,0.0,Shipped
673,39,Robusta,19,2026-05-20,4344.32,82542.08,2026-06-20,2026-07-08,2026-08-04,0.0,Shipped
674,42,Robusta,96,2026-06-04,4449.66,427167.36,2026-08-11,2026-08-03,2026-09-25,0.0,Shipped
675,46,Arabica,38,2026-01-24,6549.1,248865.8,2026-04-19,2026-03-05,2026-05-19,0.0,Shipped
676,6,Robusta,57,2025-12-09,4535.32,258513.24,2026-02-26,2026-01-12,2026-03-28,0.0,Shipped
677,15,Robusta,19,2026-09-27,3768.4,71599.6,2027-02-14,2026-11-12,2027-02-14,0.0,Open
678,3,Robusta,57,2026-05-12,4247.41,242102.37,2026-09-22,2026-07-12,2026-10-22,0.0,Shipped
679,1,Robusta,19,2026-08-24,3790.46,72018.74,2026-12-25,2026-10-03,2027-02-08,0.0,Open
680,42,Robusta,38,2026-05-21,4577.24,173935.12,2026-06-22,2026-06-23,2026-08-06,0.0,Shipped
681,47,Robusta,57,2026-03-27,4443.86,253300.02,2026-05-11,2026-04-20,2026-05-11,0.0,Shipped
682,8,Robusta,38,2026-05-28,4733.81,179884.78,2026-08-18,2026-07-17,2026-09-17,0.0,Shipped
683,37,Robusta,57,2026-06-28,4097.5,233557.5,2026-10-10,2026-08-26,2026-11-09,41531.75,Open
684,27,Arabica,19,2026-06-27,5366.24,101958.56,2026-10-16,2026-08-15,2026-11-30,0.0,Open
685,4,Robusta,38,2026-07-01,4153.73,157841.74,2026-09-04,2026-08-01,2026-09-04,0.0,Shipped
686,46,Robusta,96,2026-06-23,4303.25,413112.0,2026-08-05,2026-07-24,2026-09-04,0.0,Shipped
687,44,Arabica,38,2026-06-08,5135.74,195158.12,2026-08-16,2026-07-17,2026-09-15,0.0,Shipped
688,29,Robusta,19,2026-03-06,4320.83,82095.77,2026-07-09,2026-04-12,2026-08-08,0.0,Shipped
689,36,Arabica,96,2026-08-31,5710.5,548208.0,2027-01-26,2026-09-28,2027-01-26,0.0,Open
690,20,Robusta,96,2026-09-16,3640.41,349479.36,2027-02-06,2026-12-01,2027-03-23,0.0,Open
691,40,Arabica,57,2026-04-26,6453.81,367867.17,2026-08-05,2026-06-01,2026-09-04,0.0,Shipped
692,23,Robusta,96,2026-03-08,4266.58,409591.68,2026-04-17,2026-04-08,2026-05-17,0.0,Shipped
693,50,Robusta,96,2026-07-13,4201.44,403338.24,2026-12-06,2026-09-05,2027-01-05,0.0,Open
694,4,Robusta,57,2026-07-30,3860.91,220071.87,2026-09-16,2026-10-05,2026-09-16,0.0,Shipped
695,9,Robusta,57,2026-03-25,4167.47,237545.79,2026-05-26,2026-05-09,2026-07-10,0.0,Shipped
696,49,Robusta,19,2026-06-05,4364.0,82916.0,2026-10-29,2026-08-02,2026-12-13,0.0,Open
697,15,Arabica,57,2026-02-20,6614.41,377021.37,2026-05-21,2026-03-13,2026-05-21,0.0,Shipped
698,16,Arabica,38,2026-08-16,5457.44,207382.72,2026-10-08,2026-10-04,2026-11-22,23781.49,Open
699,40,Robusta,96,2026-08-23,3491.97,335229.12,2026-11-21,2026-09-11,2026-12-21,0.0,Open
700,10,Arabica,38,2026-04-16,6441.96,244794.48,2026-05-25,2026-05-09,2026-05-25,0.0,Shipped
701,26,Arabica,96,2026-06-03,5174.6,496761.6,2026-08-09,2026-07-26,2026-09-23,0.0,Shipped
702,15,Arabica,57,2026-02-22,6332.06,360927.42,2026-07-16,2026-03-22,2026-07-16,0.0,Shipped
703,10,Arabica,57,2026-04-30,6513.25,371255.25,2026-07-04,2026-05-17,2026-07-04,0.0,Shipped
704,49,Arabica,96,2026-06-14,5281.84,507056.64,2026-10-29,2026-07-10,2026-12-13,0.0,Open
705,10,Robusta,38,2026-08-12,3951.85,150170.3,2026-11-15,2026-10-16,2026-11-15,0.0,Open
706,5,Arabica,38,2026-08-10,5572.7,211762.6,2026-11-26,2026-10-02,2026-12-26,0.0,Open
707,34,Arabica,38,2026-02-14,6595.31,250621.78,2026-06-08,2026-03-25,2026-07-23,0.0,Shipped
708,44,Robusta,96,2026-07-23,3942.21,378452.16,2026-10-27,2026-10-09,2026-11-26,0.0,Open
709,7,Robusta,96,2026-05-01,4317.07,414438.72,2026-06-04,2026-06-10,2026-06-04,0.0,Shipped
710,36,Robusta,19,2026-01-26,4392.97,83466.43,2026-06-15,2026-04-08,2026-06-15,11441.65,Shipped
711,28,Arabica,38,2026-01-02,5808.35,220717.3,2026-03-30,2026-02-08,2026-03-30,0.0,Shipped
712,42,Robusta,38,2026-07-10,4157.5,157985.0,2026-10-26,2026-07-26,2026-12-10,0.0,Open
713,7,Arabica,57,2026-08-27,5327.04,303641.28,2026-12-01,2026-09-18,2026-12-01,0.0,Open
714,49,Arabica,19,2026-02-08,6572.63,124879.97,2026-05-28,2026-03-12,2026-07-12,0.0,Shipped
715,31,Arabica,57,2026-03-06,6470.87,368839.59,2026-05-17,2026-04-02,2026-05-17,0.0,Shipped
716,43,Robusta,57,2026-06-21,4344.3,247625.1,2026-10-30,2026-07-16,2026-12-14,0.0,Open
717,19,Arabica,19,2026-04-03,5955.06,113146.14,2026-05-29,2026-05-12,2026-05-29,0.0,Shipped
718,48,Arabica,19,2026-08-03,5602.09,106439.71,2026-11-19,2026-10-20,2026-12-19,0.0,Open
719,32,Robusta,57,2026-03-02,4260.12,242826.84,2026-06-09,2026-03-30,2026-07-24,0.0,Shipped
720,7,Arabica,38,2026-02-22,6252.06,237578.28,2026-05-23,2026-03-24,2026-05-23,0.0,Shipped
721,47,Robusta,96,2026-07-01,4126.33,396127.68,2026-08-02,2026-09-18,2026-08-02,0.0,Shipped
722,40,Arabica,96,2026-05-11,5611.42,538696.32,2026-07-26,2026-06-08,2026-08-25,0.0,Shipped
723,16,Robusta,96,2026-06-20,4392.01,421632.96,2026-07-25,2026-08-27,2026-09-08,0.0,Shipped
724,28,Robusta,57,2026-09-19,3737.83,213056.31,2026-12-18,2026-11-13,2026-12-18,0.0,Open
725,20,Robusta,96,2026-08-21,3696.04,354819.84,2026-12-11,2026-11-04,2027-01-25,0.0,Open
726,28,Robusta,19,2025-12-15,4574.84,86921.96,2026-03-17,2026-02-04,2026-03-17,13173.34,Shipped
727,49,Robusta,38,2026-05-15,4354.74,165480.12,2026-09-12,2026-07-07,2026-10-27,0.0,Shipped
728,45,Arabica,19,2026-08-15,5592.21,106251.99,2026-10-27,2026-09-13,2026-10-27,0.0,Open
729,11,Robusta,57,2026-09-15,3703.82,211117.74,2026-11-20,2026-11-06,2027-01-04,0.0,Open
730,49,Robusta,57,2026-06-14,4114.44,234523.08,2026-09-05,2026-08-11,2026-10-20,26443.47,Shipped
731,22,Arabica,38,2025-12-08,5537.29,210417.02,2026-02-03,2026-02-25,2026-03-20,0.0,Shipped
732,36,Arabica,38,2026-06-05,5090.13,193424.94,2026-10-09,2026-06-26,2026-10-09,0.0,Open
733,39,Robusta,57,2025-12-03,4439.45,253048.65,2026-04-09,2025-12-28,2026-05-24,0.0,Shipped
734,25,Arabica,19,2026-05-05,6204.74,117890.06,2026-07-23,2026-05-21,2026-08-22,0.0,Shipped
735,23,Robusta,57,2026-02-11,4169.25,237647.25,2026-06-16,2026-04-18,2026-07-16,0.0,Shipped
736,23,Arabica,57,2026-02-05,6605.94,376538.58,2026-03-10,2026-02-25,2026-04-09,0.0,Shipped
737,44,Robusta,19,2026-09-20,3643.19,69220.61,2026-11-07,2026-12-03,2026-12-07,0.0,Open
738,20,Arabica,19,2026-09-27,5422.75,103032.25,2026-11-29,2026-11-04,2027-01-13,0.0,Open
739,14,Arabica,38,2025-12-26,5543.52,210653.76,2026-03-12,2026-01-28,2026-04-11,0.0,Shipped
740,19,Arabica,57,2025-12-23,5461.42,311300.94,2026-02-18,2026-03-11,2026-02-18,0.0,Shipped
741,10,Robusta,38,2026-08-20,3694.77,140401.26,2026-11-19,2026-10-20,2026-11-19,0.0,Open
742,20,Arabica,38,2026-03-19,5710.26,216989.88,2026-07-22,2026-05-08,2026-09-05,38992.78,Shipped
743,6,Robusta,57,2025-12-25,4945.7,281904.9,2026-03-19,2026-03-07,2026-04-18,0.0,Shipped
744,5,Arabica,19,2025-12-17,5860.17,111343.23,2026-03-10,2026-02-19,2026-04-09,0.0,Shipped
745,37,Arabica,57,2026-07-02,5439.97,310078.29,2026-08-08,2026-08-27,2026-09-07,0.0,Shipped
746,4,Arabica,19,2026-01-26,6468.19,122895.61,2026-03-30,2026-03-02,2026-03-30,0.0,Shipped
747,29,Robusta,19,2026-03-19,4663.26,88601.94,2026-07-23,2026-06-06,2026-08-22,0.0,Shipped
748,39,Robusta,19,2025-12-24,4629.85,87967.15,2026-04-30,2026-02-23,2026-06-14,0.0,Shipped
749,37,Robusta,38,2026-08-15,4139.93,157317.34,2026-09-26,2026-10-30,2026-10-26,0.0,Shipped
750,23,Robusta,19,2026-04-01,4597.54,87353.26,2026-05-03,2026-06-17,2026-06-02,0.0,Shipped
751,10,Robusta,96,2026-09-21,3472.79,333387.84,2027-01-28,2026-11-10,2027-01-28,0.0,Open
752,47,Robusta,38,2026-06-13,4182.55,158936.9,2026-08-02,2026-07-21,2026-08-02,0.0,Shipped
753,42,Arabica,96,2026-09-25,5631.99,540671.04,2027-01-01,2026-12-10,2027-02-15,0.0,Open
754,31,Robusta,96,2026-05-19,4259.39,408901.44,2026-09-25,2026-08-06,2026-09-25,0.0,Shipped
755,5,Robusta,96,2026-01-28,4337.31,416381.76,2026-06-01,2026-02-19,2026-07-01,0.0,Shipped
756,2,Robusta,96,2026-03-15,4640.52,445489.92,2026-06-19,2026-05-10,2026-08-03,0.0,Shipped
757,16,Arabica,19,2026-06-25,5304.85,100792.15,2026-09-08,2026-08-18,2026-10-23,0.0,Shipped
758,8,Arabica,38,2026-05-23,5177.09,196729.42,2026-09-22,2026-07-25,2026-10-22,0.0,Shipped
759,44,Robusta,57,2026-06-10,4183.64,238467.48,2026-10-01,2026-08-27,2026-10-31,0.0,Open
760,11,Robusta,57,2026-02-21,4313.98,245896.86,2026-07-01,2026-03-24,2026-08-15,0.0,Shipped
761,15,Robusta,19,2026-07-11,3972.23,75472.37,2026-10-10,2026-09-27,2026-10-10,9549.15,Open
762,49,Robusta,57,2026-09-01,3571.64,203583.48,2027-01-22,2026-10-27,2027-03-08,34228.38,Open
763,41,Robusta,96,2026-04-29,4718.64,452989.44,2026-08-29,2026-05-19,2026-10-13,0.0,Shipped
764,11,Robusta,96,2026-01-23,4522.84,434192.64,2026-03-01,2026-03-12,2026-04-15,0.0,Shipped
765,20,Arabica,38,2026-05-08,5850.43,222316.34,2026-07-12,2026-05-31,2026-08-26,0.0,Shipped
766,26,Robusta,19,2026-07-29,4054.72,77039.68,2026-12-01,2026-10-14,2027-01-15,0.0,Open
767,34,Arabica,38,2026-09-15,6119.03,232523.14,2026-10-28,2026-11-18,2026-12-12,0.0,Open
768,47,Robusta,38,2025-12-19,4803.16,182520.08,2026-04-13,2026-03-02,2026-04-13,0.0,Shipped
769,44,Arabica,38,2026-02-12,6413.36,243707.68,2026-04-23,2026-04-07,2026-05-23,0.0,Shipped
770,49,Arabica,38,2026-08-13,5379.01,204402.38,2026-10-06,2026-09-22,2026-11-20,0.0,Open
771,3,Arabica,38,2026-09-06,5658.18,215010.84,2026-12-09,2026-10-18,2027-01-08,0.0,Open
772,12,Robusta,19,2026-08-21,3687.39,70060.41,2027-01-09,2026-11-05,2027-01-09,0.0,Open
773,29,Robusta,38,2026-06-08,4168.1,158387.8,2026-10-23,2026-07-02,2026-11-22,0.0,Open
774,3,Arabica,38,2026-01-28,6097.47,231703.86,2026-04-16,2026-04-10,2026-05-16,0.0,Shipped
775,18,Arabica,19,2026-08-12,5724.6,108767.4,2026-09-11,2026-09-23,2026-10-11,0.0,Shipped
776,8,Robusta,96,2026-01-26,4393.37,421763.52,2026-06-11,2026-03-20,2026-07-11,0.0,Shipped
777,47,Robusta,57,2026-09-28,3962.33,225852.81,2027-02-12,2026-11-25,2027-02-12,0.0,Open
778,4,Robusta,96,2026-02-19,4529.21,434804.16,2026-06-01,2026-03-11,2026-06-01,0.0,Shipped
779,8,Arabica,57,2026-07-06,5757.08,328153.56,2026-10-19,2026-07-30,2026-11-18,0.0,Open
780,10,Arabica,19,2025-12-14,5651.34,107375.46,2026-03-17,2026-01-08,2026-03-17,0.0,Shipped
781,8,Arabica,96,2026-05-09,5640.04,541443.84,2026-06-09,2026-07-13,2026-07-09,0.0,Shipped
782,29,Arabica,38,2026-07-09,5884.17,223598.46,2026-08-27,2026-07-28,2026-09-26,0.0,Shipped
783,19,Robusta,57,2026-07-18,3945.26,224879.82,2026-09-03,2026-09-10,2026-09-03,0.0,Shipped
784,46,Robusta,38,2026-01-24,4455.01,169290.38,2026-06-12,2026-02-15,2026-07-12,24596.99,Shipped
785,14,Robusta,38,2026-05-31,4477.1,170129.8,2026-07-05,2026-08-03,2026-08-04,0.0,Shipped
786,27,Arabica,38,2026-06-15,5189.81,197212.78,2026-09-19,2026-09-01,2026-11-03,0.0,Shipped
787,34,Robusta,38,2026-02-20,4160.33,158092.54,2026-05-04,2026-04-02,2026-06-18,0.0,Shipped
788,32,Robusta,57,2026-04-20,4708.2,268367.4,2026-05-20,2026-05-18,2026-07-04,0.0,Shipped
789,40,Robusta,57,2026-03-13,4358.32,248424.24,2026-07-31,2026-04-25,2026-08-30,0.0,Shipped
790,11,Robusta,19,2026-05-18,4565.34,86741.46,2026-06-19,2026-07-16,2026-08-03,0.0,Shipped
791,26,Robusta,19,2026-09-09,3582.68,68070.92,2027-01-19,2026-11-10,2027-03-05,0.0,Open
792,41,Robusta,96,2026-09-27,4029.24,386807.04,2027-01-28,2026-11-22,2027-03-14,0.0,Open
793,44,Robusta,57,2026-09-17,3650.89,208100.73,2027-01-20,2026-11-08,2027-02-19,37257.47,Open
794,31,Arabica,96,2026-04-09,6599.5,633552.0,2026-05-28,2026-06-04,2026-05-28,0.0,Shipped
795,33,Robusta,57,2026-04-27,4269.66,243370.62,2026-09-09,2026-05-26,2026-09-09,0.0,Shipped
796,44,Robusta,57,2026-02-16,4286.05,244304.85,2026-05-28,2026-03-16,2026-06-27,0.0,Shipped
797,32,Robusta,96,2026-01-03,4727.5,453840.0,2026-03-22,2026-03-19,2026-05-06,0.0,Shipped
798,48,Arabica,57,2026-08-07,5774.19,329128.83,2026-11-26,2026-09-28,2026-12-26,0.0,Open
799,7,Robusta,38,2025-12-15,4710.15,178985.7,2026-02-23,2026-02-23,2026-02-23,0.0,Shipped
800,18,Arabica,57,2025-12-23,5472.98,311959.86,2026-02-24,2026-02-16,2026-03-26,58937.46,Shipped
801,6,Arabica,19,2026-03-28,5710.53,108500.07,2026-05-31,2026-05-11,2026-06-30,0.0,Shipped
802,5,Arabica,38,2026-04-22,6368.75,242012.5,2026-07-29,2026-06-13,2026-08-28,41188.11,Shipped
803,24,Robusta,57,2026-08-07,3765.09,214610.13,2026-11-17,2026-10-05,2026-12-17,0.0,Open
804,12,Arabica,19,2026-08-06,5391.28,102434.32,2026-10-03,2026-09-02,2026-10-03,0.0,Open
805,21,Robusta,57,2026-09-23,3660.59,208653.63,2026-11-21,2026-11-07,2027-01-05,0.0,Open
806,22,Robusta,57,2026-03-19,4551.84,259454.88,2026-08-09,2026-05-19,2026-09-23,0.0,Shipped
807,32,Robusta,38,2026-05-22,4172.91,158570.58,2026-08-21,2026-06-11,2026-10-05,0.0,Shipped
808,48,Robusta,19,2026-08-02,3911.7,74322.3,2026-12-13,2026-08-21,2027-01-12,0.0,Open
809,43,Robusta,57,2026-08-19,4000.85,228048.45,2026-10-27,2026-09-13,2026-12-11,0.0,Open
810,19,Robusta,96,2026-09-09,3856.57,370230.72,2026-11-12,2026-11-01,2026-11-12,0.0,Open
811,17,Robusta,57,2026-03-20,4394.52,250487.64,2026-05-22,2026-04-19,2026-05-22,0.0,Shipped
812,39,Robusta,38,2026-03-07,4041.99,153595.62,2026-06-08,2026-04-19,2026-07-23,0.0,Shipped
813,7,Robusta,57,2026-03-23,4281.96,244071.72,2026-07-24,2026-04-15,2026-07-24,0.0,Shipped
814,28,Arabica,38,2026-08-26,5040.76,191548.88,2026-11-24,2026-09-26,2026-11-24,31297.57,Open
815,22,Robusta,38,2026-09-16,3796.46,144265.48,2026-11-20,2026-10-02,2027-01-04,0.0,Open
816,10,Arabica,38,2026-08-28,5384.82,204623.16,2027-01-20,2026-11-03,2027-01-20,0.0,Open
817,31,Robusta,19,2026-02-15,4547.14,86395.66,2026-05-24,2026-04-01,2026-05-24,0.0,Shipped
818,17,Robusta,96,2026-02-19,4072.14,390925.44,2026-05-07,2026-03-17,2026-05-07,0.0,Shipped
819,10,Robusta,57,2026-07-02,4336.81,247198.17,2026-08-02,2026-08-20,2026-08-02,0.0,Shipped
820,33,Robusta,19,2026-09-12,3649.47,69339.93,2026-12-18,2026-11-26,2026-12-18,0.0,Open
821,9,Robusta,96,2026-06-25,4163.62,399707.52,2026-10-07,2026-09-01,2026-11-21,0.0,Open
822,34,Robusta,19,2026-01-29,4095.62,77816.78,2026-06-19,2026-04-11,2026-08-03,0.0,Shipped
823,9,Robusta,57,2026-08-16,3930.04,224012.28,2026-10-12,2026-09-26,2026-11-26,0.0,Open
824,22,Robusta,19,2026-02-02,4356.95,82782.05,2026-03-23,2026-03-12,2026-05-07,0.0,Shipped
825,41,Robusta,38,2026-05-12,4469.81,169852.78,2026-10-08,2026-06-16,2026-11-22,0.0,Open
826,12,Robusta,57,2026-08-17,3989.05,227375.85,2026-11-21,2026-09-20,2026-11-21,0.0,Open
827,39,Robusta,96,2025-12-22,4645.09,445928.64,2026-01-24,2026-03-06,2026-03-10,0.0,Shipped
828,37,Robusta,96,2026-04-26,4278.96,410780.16,2026-06-07,2026-05-19,2026-07-07,0.0,Shipped
829,46,Robusta,96,2026-03-11,4171.39,400453.44,2026-06-06,2026-05-20,2026-07-06,0.0,Shipped
830,9,Robusta,19,2026-08-31,3942.68,74910.92,2026-12-13,2026-11-13,2027-01-27,0.0,Open
831,36,Robusta,19,2026-06-09,4116.03,78204.57,2026-08-07,2026-08-17,2026-08-07,0.0,Shipped
832,47,Robusta,96,2026-03-23,4411.26,423480.96,2026-06-04,2026-05-17,2026-06-04,0.0,Shipped
833,39,Arabica,96,2026-03-19,5997.0,575712.0,2026-07-15,2026-05-28,2026-08-29,0.0,Shipped
834,10,Robusta,38,2026-09-10,3755.01,142690.38,2027-02-03,2026-09-27,2027-02-03,0.0,Open
835,42,Robusta,19,2026-03-31,4234.6,80457.4,2026-06-27,2026-06-07,2026-08-11,0.0,Shipped
836,6,Robusta,57,2025-12-19,4651.01,265107.57,2026-03-08,2026-02-05,2026-04-07,0.0,Shipped
837,30,Arabica,19,2026-02-05,6583.91,125094.29,2026-04-19,2026-04-23,2026-04-19,0.0,Shipped
838,25,Arabica,19,2026-07-28,5569.12,105813.28,2026-09-12,2026-08-17,2026-10-12,0.0,Shipped
839,27,Arabica,96,2025-12-29,5746.52,551665.92,2026-02-03,2026-03-14,2026-03-20,0.0,Shipped
840,26,Arabica,38,2026-03-08,6317.83,240077.54,2026-07-16,2026-04-29,2026-08-30,0.0,Shipped
841,2,Robusta,19,2026-09-11,3620.89,68796.91,2026-10-15,2026-10-02,2026-11-29,0.0,Open
842,26,Arabica,57,2026-08-21,5471.26,311861.82,2026-12-27,2026-10-08,2027-02-10,0.0,Open
843,47,Robusta,38,2025-12-26,4758.55,180824.9,2026-02-23,2026-01-12,2026-02-23,0.0,Shipped
844,22,Arabica,57,2026-07-28,5714.1,325703.7,2026-11-18,2026-08-17,2027-01-02,0.0,Open
845,14,Robusta,96,2026-08-30,3748.31,359837.76,2027-01-21,2026-10-18,2027-02-20,0.0,Open
846,50,Robusta,19,2026-05-16,4149.13,78833.47,2026-09-12,2026-07-23,2026-10-12,0.0,Shipped
847,5,Arabica,57,2026-04-24,6718.59,382959.63,2026-08-19,2026-05-16,2026-09-18,0.0,Shipped
848,25,Robusta,96,2026-04-10,4733.95,454459.2,2026-06-10,2026-05-12,2026-07-10,0.0,Shipped
849,26,Arabica,38,2026-03-15,6402.3,243287.4,2026-06-24,2026-04-24,2026-08-08,0.0,Shipped
850,24,Robusta,96,2025-12-03,4467.29,428859.84,2026-03-20,2026-01-22,2026-04-19,0.0,Shipped
851,47,Arabica,38,2026-02-13,6291.77,239087.26,2026-05-05,2026-02-28,2026-05-05,0.0,Shipped
852,22,Arabica,38,2026-09-21,6310.82,239811.16,2026-10-25,2026-11-16,2026-12-09,0.0,Open
853,49,Robusta,96,2026-09-02,3778.6,362745.6,2027-01-19,2026-10-19,2027-03-05,0.0,Open
854,4,Arabica,57,2026-09-28,5647.62,321914.34,2026-11-20,2026-12-14,2026-11-20,0.0,Open
855,37,Robusta,96,2026-06-02,4717.13,452844.48,2026-10-26,2026-07-06,2026-11-25,0.0,Open
856,30,Arabica,96,2026-06-15,5255.82,504558.72,2026-11-03,2026-08-01,2026-11-03,0.0,Open
857,13,Robusta,57,2025-12-22,4980.26,283874.82,2026-01-23,2026-01-11,2026-03-09,0.0,Shipped
858,12,Robusta,19,2026-06-11,4016.71,76317.49,2026-10-07,2026-08-24,2026-10-07,0.0,Open
859,36,Arabica,38,2026-09-19,6073.15,230779.7,2027-01-03,2026-11-27,2027-01-03,0.0,Open
860,32,Robusta,96,2026-01-06,4976.87,477779.52,2026-03-04,2026-02-13,2026-04-18,0.0,Shipped
861,31,Robusta,57,2026-07-12,4050.82,230896.74,2026-11-16,2026-08-25,2026-11-16,0.0,Open
862,3,Robusta,38,2025-12-29,4801.68,182463.84,2026-02-10,2026-03-09,2026-03-12,0.0,Shipped
863,30,Arabica,38,2026-02-08,6364.23,241840.74,2026-04-08,2026-03-14,2026-04-08,0.0,Shipped
864,50,Robusta,96,2026-01-07,4756.55,456628.8,2026-05-30,2026-02-06,2026-06-29,0.0,Shipped
865,1,Arabica,19,2026-01-26,6359.87,120837.53,2026-05-25,2026-02-25,2026-07-09,0.0,Shipped
866,24,Arabica,19,2026-08-17,5514.56,104776.64,2026-09-29,2026-10-16,2026-10-29,0.0,Open
867,25,Robusta,96,2026-03-25,4030.74,386951.04,2026-05-11,2026-04-22,2026-06-10,0.0,Shipped
868,45,Robusta,38,2026-05-28,4780.71,181666.98,2026-07-27,2026-06-17,2026-07-27,0.0,Shipped
869,15,Arabica,96,2026-03-24,6141.24,589559.04,2026-05-01,2026-04-18,2026-05-01,0.0,Shipped
870,24,Robusta,57,2026-02-17,4272.91,243555.87,2026-04-09,2026-05-07,2026-05-09,0.0,Shipped
871,36,Robusta,96,2026-05-01,4185.2,401779.2,2026-08-07,2026-07-11,2026-08-07,0.0,Shipped
872,4,Arabica,57,2026-06-27,5703.19,325081.83,2026-07-27,2026-09-12,2026-07-27,0.0,Shipped
873,41,Robusta,96,2025-12-28,4780.69,458946.24,2026-03-02,2026-01-30,2026-04-16,0.0,Shipped
874,42,Robusta,96,2026-03-14,4323.79,415083.84,2026-05-20,2026-04-26,2026-07-04,0.0,Shipped
875,36,Arabica,19,2026-01-06,5466.14,103856.66,2026-06-01,2026-02-21,2026-06-01,0.0,Shipped
876,33,Robusta,96,2026-07-19,3913.68,375713.28,2026-12-12,2026-09-06,2026-12-12,0.0,Open
877,38,Robusta,57,2026-01-20,4417.8,251814.6,2026-05-31,2026-02-05,2026-06-30,0.0,Shipped
878,40,Robusta,19,2026-06-23,4241.11,80581.09,2026-09-02,2026-08-15,2026-10-02,0.0,Shipped
879,46,Arabica,19,2026-05-13,6075.25,115429.75,2026-08-14,2026-05-30,2026-09-13,0.0,Shipped
880,22,Arabica,38,2026-01-13,6038.06,229446.28,2026-04-13,2026-02-14,2026-05-28,0.0,Shipped
881,23,Robusta,19,2026-06-14,4188.58,79583.02,2026-10-25,2026-07-18,2026-11-24,0.0,Open
882,32,Robusta,38,2026-07-15,4071.73,154725.74,2026-11-11,2026-09-11,2026-12-26,0.0,Open
883,10,Robusta,96,2025-12-28,4843.21,464948.16,2026-05-15,2026-03-11,2026-05-15,0.0,Shipped
884,43,Robusta,38,2025-12-13,4767.39,181160.82,2026-03-19,2026-02-11,2026-05-03,0.0,Shipped
885,39,Robusta,19,2026-06-27,4113.78,78161.82,2026-11-14,2026-08-09,2026-12-29,0.0,Open
886,32,Arabica,38,2026-06-29,5528.88,210097.44,2026-10-26,2026-08-17,2026-12-10,0.0,Open
887,16,Robusta,19,2026-07-22,3879.16,73704.04,2026-11-17,2026-09-08,2027-01-01,0.0,Open
888,18,Arabica,96,2026-09-21,6335.87,608243.52,2027-01-08,2026-10-15,2027-02-07,0.0,Open
889,22,Robusta,19,2026-04-16,4414.17,83869.23,2026-06-25,2026-07-02,2026-08-09,0.0,Shipped
890,34,Robusta,96,2026-07-14,4306.25,413400.0,2026-10-25,2026-09-26,2026-12-09,0.0,Open
891,39,Robusta,38,2026-01-17,4556.29,173139.02,2026-03-30,2026-02-16,2026-05-14,0.0,Shipped
892,34,Robusta,19,2026-08-08,4012.62,76239.78,2026-11-23,2026-08-30,2027-01-07,0.0,Open
893,47,Arabica,57,2026-03-22,5891.4,335809.8,2026-05-21,2026-04-16,2026-05-21,0.0,Shipped
894,49,Arabica,38,2026-04-29,6166.2,234315.6,2026-09-01,2026-06-23,2026-10-16,0.0,Shipped
895,36,Arabica,96,2026-03-29,5838.44,560490.24,2026-07-05,2026-04-14,2026-07-05,0.0,Shipped
896,19,Robusta,57,2026-08-26,3706.73,211283.61,2026-12-19,2026-09-16,2026-12-19,36003.41,Open
897,30,Arabica,96,2026-05-12,6001.08,576103.68,2026-07-07,2026-07-08,2026-07-07,0.0,Shipped
898,22,Robusta,38,2026-03-25,4136.76,157196.88,2026-07-28,2026-04-18,2026-09-11,0.0,Shipped
899,32,Arabica,19,2026-06-18,5556.26,105568.94,2026-10-22,2026-07-07,2026-12-06,0.0,Open
900,41,Robusta,19,2026-01-09,4421.78,84013.82,2026-02-25,2026-01-25,2026-04-11,0.0,Shipped
901,19,Robusta,38,2026-04-23,4644.49,176490.62,2026-07-04,2026-06-22,2026-07-04,0.0,Shipped
902,26,Robusta,38,2026-06-12,4049.68,153887.84,2026-10-01,2026-07-20,2026-11-15,0.0,Open
903,3,Robusta,96,2026-09-19,3786.17,363472.32,2027-01-31,2026-10-22,2027-03-02,0.0,Open
904,37,Robusta,38,2026-08-09,3915.95,148806.1,2026-12-05,2026-10-04,2027-01-04,0.0,Open
905,25,Arabica,96,2026-05-09,5761.59,553112.64,2026-08-03,2026-06-04,2026-09-02,0.0,Shipped
906,23,Arabica,19,2026-05-31,5150.62,97861.78,2026-08-04,2026-07-18,2026-09-03,0.0,Shipped
907,27,Arabica,38,2026-01-10,5934.81,225522.78,2026-05-29,2026-02-25,2026-07-13,0.0,Shipped
908,11,Robusta,96,2026-02-05,4311.13,413868.48,2026-06-19,2026-04-04,2026-08-03,0.0,Shipped
909,30,Robusta,19,2026-08-12,3926.98,74612.62,2026-12-27,2026-10-06,2026-12-27,0.0,Open
910,38,Robusta,38,2026-04-04,4221.77,160427.26,2026-06-09,2026-06-01,2026-07-09,0.0,Shipped
911,18,Robusta,96,2026-05-15,4558.89,437653.44,2026-08-05,2026-06-12,2026-09-04,0.0,Shipped
912,7,Robusta,57,2026-08-29,3898.68,222224.76,2026-10-27,2026-09-22,2026-10-27,0.0,Open
913,20,Robusta,96,2026-03-13,4500.05,432004.8,2026-08-04,2026-05-01,2026-09-18,0.0,Shipped
914,10,Robusta,57,2026-04-20,4738.75,270108.75,2026-09-01,2026-05-08,2026-09-01,0.0,Shipped
915,19,Robusta,96,2026-09-02,3592.37,344867.52,2026-10-22,2026-10-16,2026-10-22,0.0,Open
916,32,Robusta,96,2026-05-11,3880.07,372486.72,2026-07-09,2026-07-05,2026-08-23,0.0,Shipped
917,6,Arabica,96,2026-02-21,6339.7,608611.2,2026-05-28,2026-04-30,2026-06-27,0.0,Shipped
918,38,Robusta,19,2026-06-22,4180.76,79434.44,2026-09-09,2026-08-18,2026-10-09,0.0,Shipped
919,12,Arabica,57,2026-06-13,5199.34,296362.38,2026-09-06,2026-08-31,2026-09-06,0.0,Shipped
920,45,Robusta,19,2026-08-26,3816.5,72513.5,2026-11-08,2026-10-16,2026-11-08,0.0,Open
921,37,Arabica,19,2026-07-29,5786.85,109950.15,2026-11-16,2026-09-11,2026-12-16,15033.99,Open
922,14,Arabica,38,2025-12-08,5440.75,206748.5,2026-04-24,2026-01-07,2026-05-24,0.0,Shipped
923,29,Arabica,57,2026-03-26,5881.3,335234.1,2026-08-13,2026-05-23,2026-09-12,0.0,Shipped
924,6,Arabica,38,2026-08-07,5527.95,210062.1,2026-10-30,2026-10-13,2026-11-29,0.0,Open
925,5,Arabica,96,2026-05-07,5936.9,569942.4,2026-09-13,2026-06-11,2026-10-13,0.0,Shipped
926,48,Arabica,38,2026-08-02,5633.8,214084.4,2026-11-23,2026-08-21,2026-12-23,0.0,Open
927,41,Robusta,57,2026-05-19,4471.64,254883.48,2026-07-11,2026-06-03,2026-08-25,0.0,Shipped
928,8,Robusta,96,2026-08-16,3849.05,369508.8,2026-12-19,2026-10-11,2027-01-18,0.0,Open
929,15,Arabica,96,2026-03-27,6056.77,581449.92,2026-06-07,2026-05-24,2026-06-07,0.0,Shipped
930,10,Robusta,19,2026-04-10,4416.77,83918.63,2026-07-24,2026-05-02,2026-07-24,0.0,Shipped
931,20,Robusta,57,2026-03-22,4376.11,249438.27,2026-07-16,2026-04-07,2026-08-30,0.0,Shipped
932,15,Robusta,19,2026-05-18,4331.7,82302.3,2026-10-08,2026-07-14,2026-10-08,0.0,Open
933,17,Robusta,57,2026-07-05,4165.83,237452.31,2026-11-25,2026-08-14,2026-11-25,0.0,Open
934,27,Robusta,38,2026-07-16,4259.54,161862.52,2026-11-19,2026-08-27,2027-01-03,0.0,Open
935,10,Arabica,96,2026-07-26,5445.21,522740.16,2026-10-24,2026-08-27,2026-10-24,0.0,Open
936,45,Arabica,96,2026-05-23,4897.49,470159.04,2026-08-09,2026-07-23,2026-08-09,0.0,Shipped
937,37,Arabica,96,2026-05-16,5147.34,494144.64,2026-08-06,2026-07-18,2026-09-05,0.0,Shipped
938,39,Robusta,96,2026-03-10,4411.53,423506.88,2026-08-01,2026-03-28,2026-09-15,0.0,Shipped
939,9,Robusta,38,2026-09-13,3822.1,145239.8,2026-11-06,2026-10-03,2026-12-21,0.0,Open
940,36,Robusta,57,2026-07-06,4455.45,253960.65,2026-10-06,2026-08-26,2026-10-06,0.0,Open
941,42,Robusta,19,2026-01-16,4609.6,87582.4,2026-05-07,2026-03-11,2026-06-21,0.0,Shipped
942,9,Arabica,57,2025-12-28,5276.24,300745.68,2026-01-29,2026-01-21,2026-03-15,0.0,Shipped
943,38,Robusta,19,2025-12-23,4700.97,89318.43,2026-04-08,2026-01-17,2026-05-08,0.0,Shipped
944,18,Arabica,57,2026-06-29,5467.72,311660.04,2026-08-29,2026-08-27,2026-09-28,0.0,Shipped
945,40,Robusta,96,2026-08-18,3691.37,354371.52,2026-10-20,2026-10-01,2026-11-19,0.0,Open
946,24,Arabica,57,2026-07-31,6079.8,346548.6,2026-11-12,2026-08-22,2026-12-12,0.0,Open
947,41,Robusta,96,2026-08-20,4044.57,388278.72,2026-09-20,2026-10-13,2026-11-04,0.0,Shipped
948,8,Robusta,19,2025-12-16,4567.68,86785.92,2026-02-02,2026-01-04,2026-03-04,0.0,Shipped
949,20,Arabica,96,2026-01-06,5769.35,553857.6,2026-03-31,2026-02-04,2026-05-15,0.0,Shipped
950,14,Robusta,57,2026-01-28,4221.8,240642.6,2026-05-08,2026-03-30,2026-06-07,0.0,Shipped
951,13,Arabica,57,2026-02-22,6613.15,376949.55,2026-04-06,2026-03-23,2026-05-21,0.0,Shipped
952,16,Robusta,96,2026-06-18,4270.66,409983.36,2026-08-30,2026-07-07,2026-10-14,0.0,Shipped
953,20,Robusta,57,2026-05-09,4165.41,237428.37,2026-07-14,2026-07-25,2026-08-28,0.0,Shipped
954,7,Robusta,38,2026-01-19,4640.16,176326.08,2026-04-23,2026-02-17,2026-04-23,27358.58,Shipped
955,36,Arabica,57,2026-01-27,6414.08,365602.56,2026-04-03,2026-03-16,2026-04-03,0.0,Shipped
956,28,Robusta,57,2026-04-26,4431.27,252582.39,2026-05-26,2026-07-03,2026-05-26,0.0,Shipped
957,42,Arabica,96,2026-01-20,5695.72,546789.12,2026-04-23,2026-04-09,2026-06-07,0.0,Shipped
958,36,Arabica,38,2026-06-16,5523.79,209904.02,2026-10-25,2026-08-22,2026-10-25,0.0,Open
959,8,Arabica,57,2026-05-27,5333.26,303995.82,2026-09-04,2026-07-03,2026-10-04,0.0,Shipped
960,4,Robusta,57,2026-01-20,4779.98,272458.86,2026-04-03,2026-03-31,2026-04-03,0.0,Shipped
961,22,Arabica,19,2026-06-08,5263.93,100014.67,2026-09-03,2026-06-23,2026-10-18,0.0,Shipped
962,25,Arabica,19,2026-02-15,6200.7,117813.3,2026-04-02,2026-03-23,2026-05-02,0.0,Shipped
963,13,Robusta,19,2026-05-16,4148.72,78825.68,2026-07-13,2026-06-12,2026-08-27,0.0,Shipped
964,40,Robusta,57,2026-07-01,4278.62,243881.34,2026-09-21,2026-08-19,2026-10-21,0.0,Shipped
965,30,Robusta,38,2026-07-25,3879.68,147427.84,2026-11-03,2026-10-05,2026-11-03,0.0,Open
966,38,Robusta,96,2026-03-30,4225.97,405693.12,2026-06-26,2026-06-03,2026-07-26,0.0,Shipped
967,6,Arabica,57,2026-05-08,5874.82,334864.74,2026-09-30,2026-07-26,2026-10-30,0.0,Open
968,41,Robusta,19,2026-06-10,4220.66,80192.54,2026-09-24,2026-07-03,2026-11-08,0.0,Shipped
969,11,Robusta,19,2026-02-18,4081.24,77543.56,2026-03-22,2026-04-22,2026-05-06,0.0,Shipped
970,23,Robusta,38,2026-09-28,3766.17,143114.46,2026-12-29,2026-11-29,2027-01-28,0.0,Open
971,22,Robusta,96,2026-09-01,3846.83,369295.68,2026-12-09,2026-10-15,2027-01-23,55087.66,Open
972,42,Robusta,19,2025-12-14,4536.4,86191.6,2026-01-18,2026-01-04,2026-03-04,0.0,Shipped
973,14,Arabica,19,2026-03-13,6171.02,117249.38,2026-05-28,2026-04-03,2026-06-27,0.0,Shipped
974,13,Arabica,19,2026-04-17,6691.77,127143.63,2026-08-29,2026-06-30,2026-10-13,0.0,Shipped
975,17,Robusta,38,2026-09-24,3678.0,139764.0,2026-12-05,2026-10-28,2026-12-05,0.0,Open
976,19,Arabica,96,2026-04-02,5862.07,562758.72,2026-06-25,2026-05-28,2026-06-25,0.0,Shipped
977,10,Robusta,57,2026-05-21,4348.11,247842.27,2026-07-16,2026-08-05,2026-07-16,0.0,Shipped
978,9,Robusta,38,2026-04-02,4444.1,168875.8,2026-05-11,2026-05-19,2026-06-25,0.0,Shipped
979,12,Robusta,19,2026-09-16,3558.24,67606.56,2026-11-23,2026-10-14,2026-11-23,0.0,Open
980,24,Arabica,38,2026-04-16,6583.22,250162.36,2026-08-16,2026-06-01,2026-09-15,0.0,Shipped
981,18,Arabica,57,2026-04-08,6251.2,356318.4,2026-09-02,2026-05-07,2026-10-02,0.0,Shipped
982,20,Arabica,38,2026-07-03,5755.2,218697.6,2026-10-20,2026-07-29,2026-12-04,0.0,Open
983,36,Robusta,57,2026-09-12,3650.36,208070.52,2027-01-19,2026-11-18,2027-01-19,0.0,Open
984,13,Robusta,96,2025-12-11,4455.49,427727.04,2026-03-28,2026-01-17,2026-05-12,0.0,Shipped
985,46,Arabica,19,2026-02-28,6493.24,123371.56,2026-06-17,2026-04-28,2026-07-17,0.0,Shipped
986,38,Robusta,38,2026-03-26,4129.51,156921.38,2026-06-15,2026-05-27,2026-07-15,0.0,Shipped
987,9,Arabica,19,2026-02-10,6281.38,119346.22,2026-03-19,2026-04-01,2026-05-03,0.0,Shipped
988,16,Arabica,57,2026-03-11,6077.09,346394.13,2026-05-29,2026-04-30,2026-07-13,0.0,Shipped
989,10,Robusta,38,2026-08-19,3704.33,140764.54,2026-12-30,2026-09-14,2026-12-30,19568.13,Open
990,14,Arabica,38,2026-05-15,5989.97,227618.86,2026-08-17,2026-07-03,2026-09-16,0.0,Shipped
991,19,Arabica,19,2026-01-05,5504.98,104594.62,2026-05-06,2026-03-09,2026-05-06,11064.19,Shipped
992,7,Robusta,19,2026-07-04,4238.06,80523.14,2026-08-09,2026-07-31,2026-08-09,0.0,Shipped
993,1,Arabica,38,2025-12-11,5484.85,208424.3,2026-02-03,2026-01-10,2026-03-20,0.0,Shipped
994,22,Arabica,57,2026-09-09,6113.97,348496.29,2026-11-13,2026-11-07,2026-12-28,0.0,Open
995,36,Robusta,19,2026-06-21,4242.48,80607.12,2026-09-02,2026-09-07,2026-09-02,0.0,Shipped
996,16,Arabica,19,2026-06-15,5269.54,100121.26,2026-11-10,2026-07-25,2026-12-25,11690.52,Open
997,44,Robusta,38,2026-03-27,4348.33,165236.54,2026-06-20,2026-06-03,2026-07-20,0.0,Shipped
998,19,Arabica,57,2026-08-07,5911.44,336952.08,2026-11-24,2026-09-02,2026-11-24,0.0,Open
999,46,Arabica,38,2026-07-22,5600.51,212819.38,2026-11-06,2026-09-12,2026-12-06,0.0,Open
1000,12,Arabica,38,2026-03-14,6226.48,236606.24,2026-06-02,2026-05-29,2026-06-02,0.0,Shipped
1001,27,Robusta,19,2026-07-05,4293.66,81579.54,2026-11-27,2026-08-17,2027-01-11,0.0,Open
1002,39,Arabica,57,2026-01-08,6159.96,351117.72,2026-03-05,2026-02-24,2026-04-19,0.0,Shipped
1003,3,Robusta,96,2026-01-10,4240.64,407101.44,2026-02-13,2026-02-04,2026-03-15,0.0,Shipped
1004,47,Robusta,96,2026-06-30,4033.73,387238.08,2026-10-27,2026-08-18,2026-10-27,0.0,Open
1005,19,Robusta,57,2026-04-14,4468.99,254732.43,2026-07-31,2026-06-06,2026-07-31,0.0,Shipped
1006,25,Robusta,57,2026-06-21,4322.45,246379.65,2026-08-21,2026-09-07,2026-09-20,0.0,Shipped
1007,32,Robusta,38,2026-06-17,4190.29,159231.02,2026-10-29,2026-07-15,2026-12-13,0.0,Open
1008,33,Robusta,19,2026-03-11,4179.78,79415.82,2026-04-29,2026-04-18,2026-04-29,0.0,Shipped
1009,2,Arabica,38,2026-07-03,5832.88,221649.44,2026-09-01,2026-08-29,2026-10-16,0.0,Shipped
1010,44,Robusta,57,2026-08-15,3742.42,213317.94,2026-10-02,2026-10-30,2026-11-01,0.0,Open
1011,32,Robusta,57,2026-07-13,4087.92,233011.44,2026-09-03,2026-08-12,2026-10-18,0.0,Shipped
1012,50,Robusta,96,2025-12-24,5049.36,484738.56,2026-04-20,2026-02-22,2026-05-20,0.0,Shipped
1013,24,Robusta,96,2026-07-13,4108.9,394454.4,2026-11-04,2026-09-23,2026-12-04,0.0,Open
1014,31,Arabica,19,2026-06-11,5015.31,95290.89,2026-09-26,2026-08-06,2026-09-26,0.0,Shipped
1015,23,Robusta,19,2026-03-24,4030.56,76580.64,2026-08-04,2026-05-05,2026-09-03,0.0,Shipped
1016,45,Robusta,38,2026-08-29,3752.55,142596.9,2026-10-06,2026-09-28,2026-10-06,0.0,Open
1017,42,Arabica,96,2026-07-10,5713.77,548521.92,2026-10-22,2026-08-12,2026-12-06,0.0,Open
1018,46,Arabica,96,2026-08-07,5559.59,533720.64,2026-09-19,2026-08-25,2026-10-19,103084.69,Shipped
1019,26,Arabica,19,2025-12-25,5319.77,101075.63,2026-05-18,2026-01-18,2026-07-02,0.0,Shipped
1020,40,Arabica,19,2025-12-23,5675.41,107832.79,2026-04-08,2026-02-04,2026-05-08,0.0,Shipped
1021,18,Arabica,57,2026-02-14,6405.97,365140.29,2026-06-15,2026-03-10,2026-07-15,0.0,Shipped
1022,24,Robusta,57,2026-07-16,4204.05,239630.85,2026-10-22,2026-07-31,2026-11-21,0.0,Open
1023,39,Arabica,96,2026-03-28,5924.66,568767.36,2026-06-12,2026-05-27,2026-07-27,88871.9,Shipped
1024,5,Arabica,96,2026-03-14,6255.98,600574.08,2026-07-04,2026-04-02,2026-08-03,0.0,Shipped
1025,36,Robusta,19,2026-01-11,4385.64,83327.16,2026-05-21,2026-02-04,2026-05-21,0.0,Shipped
1026,1,Robusta,19,2026-08-13,3898.33,74068.27,2026-10-03,2026-10-05,2026-11-17,0.0,Open
1027,30,Robusta,57,2026-02-20,4177.04,238091.28,2026-07-04,2026-05-05,2026-07-04,0.0,Shipped
1028,24,Arabica,57,2026-08-01,5788.07,329919.99,2026-11-26,2026-10-02,2026-12-26,0.0,Open
1029,24,Arabica,96,2026-04-11,6458.85,620049.6,2026-05-21,2026-04-28,2026-06-20,0.0,Shipped
1030,25,Arabica,57,2026-01-08,5437.31,309926.67,2026-05-30,2026-02-02,2026-06-29,0.0,Shipped
1031,25,Robusta,57,2026-09-10,3655.64,208371.48,2026-10-31,2026-11-12,2026-11-30,0.0,Open
1032,21,Robusta,38,2026-08-15,3951.46,150155.48,2026-11-25,2026-10-16,2027-01-09,0.0,Open
1033,23,Robusta,19,2026-01-28,4410.4,83797.6,2026-03-14,2026-03-09,2026-04-13,0.0,Shipped
1034,29,Robusta,96,2026-09-23,3842.77,368905.92,2026-11-15,2026-12-08,2026-12-15,0.0,Open
1035,39,Arabica,96,2026-03-07,6688.25,642072.0,2026-06-22,2026-05-18,2026-08-06,0.0,Shipped
1036,28,Arabica,19,2026-05-01,6337.17,120406.23,2026-08-20,2026-07-03,2026-08-20,0.0,Shipped
1037,33,Arabica,57,2026-06-17,5684.37,324009.09,2026-10-07,2026-08-19,2026-10-07,0.0,Open
1038,42,Arabica,38,2026-01-13,6247.31,237397.78,2026-03-25,2026-03-20,2026-05-09,41548.2,Shipped
1039,50,Arabica,38,2026-01-17,6414.18,243738.84,2026-05-25,2026-02-10,2026-06-24,0.0,Shipped
1040,6,Robusta,96,2026-06-23,4561.84,437936.64,2026-07-28,2026-08-22,2026-08-27,0.0,Shipped
1041,36,Robusta,96,2026-09-27,3952.66,379455.36,2027-02-06,2026-12-12,2027-02-06,0.0,Open
1042,12,Robusta,19,2026-08-21,3811.14,72411.66,2026-10-26,2026-09-19,2026-10-26,8336.27,Open
1043,10,Robusta,38,2026-08-27,3771.2,143305.6,2026-12-09,2026-09-11,2026-12-09,0.0,Open
1044,40,Robusta,96,2025-12-08,4499.5,431952.0,2026-04-25,2026-01-15,2026-05-25,0.0,Shipped
1045,4,Robusta,96,2026-04-02,4271.67,410080.32,2026-06-01,2026-05-04,2026-06-01,0.0,Shipped
1046,43,Arabica,19,2026-03-09,6427.22,122117.18,2026-05-27,2026-05-24,2026-07-11,0.0,Shipped
1047,39,Robusta,96,2026-07-21,3888.05,373252.8,2026-11-27,2026-09-02,2027-01-11,0.0,Open
1048,50,Arabica,38,2026-01-16,6219.61,236345.18,2026-05-29,2026-03-14,2026-06-28,0.0,Shipped
1049,34,Arabica,57,2026-02-24,5933.24,338194.68,2026-04-23,2026-05-13,2026-06-07,0.0,Shipped
1050,44,Arabica,19,2026-02-15,6547.98,124411.62,2026-05-17,2026-04-22,2026-06-16,22578.33,Shipped
1051,6,Arabica,57,2026-05-11,5807.06,331002.42,2026-07-19,2026-07-13,2026-08-18,0.0,Shipped
1052,45,Robusta,57,2026-03-03,4257.32,242667.24,2026-06-03,2026-05-19,2026-06-03,0.0,Shipped
1053,9,Arabica,57,2026-04-18,6983.39,398053.23,2026-07-02,2026-06-16,2026-08-16,0.0,Shipped
1054,16,Robusta,96,2026-06-05,4410.99,423455.04,2026-07-05,2026-07-05,2026-08-19,0.0,Shipped
1055,7,Arabica,96,2026-04-03,6314.34,606176.64,2026-08-21,2026-06-04,2026-08-21,0.0,Shipped
1056,21,Robusta,96,2026-06-23,4160.87,399443.52,2026-10-07,2026-07-28,2026-11-21,0.0,Open
1057,38,Robusta,57,2025-12-17,4838.67,275804.19,2026-03-12,2026-01-22,2026-04-11,0.0,Shipped
1058,14,Arabica,96,2026-02-25,6712.43,644393.28,2026-04-08,2026-04-22,2026-05-08,0.0,Shipped
1059,42,Arabica,57,2026-02-19,6530.12,372216.84,2026-03-29,2026-03-26,2026-05-13,0.0,Shipped
1060,31,Robusta,57,2026-02-25,4280.39,243982.23,2026-05-23,2026-03-13,2026-05-23,0.0,Shipped
1061,32,Arabica,57,2026-05-17,5491.62,313022.34,2026-09-01,2026-08-04,2026-10-16,37069.45,Shipped
1062,47,Robusta,96,2025-12-17,4474.93,429593.28,2026-02-16,2026-02-07,2026-02-16,0.0,Shipped
1063,22,Arabica,19,2026-07-28,5875.5,111634.5,2026-11-24,2026-09-24,2027-01-08,0.0,Open
1064,18,Robusta,57,2026-04-11,4300.51,245129.07,2026-06-27,2026-06-17,2026-07-27,0.0,Shipped
1065,50,Robusta,38,2026-09-08,3807.89,144699.82,2026-10-09,2026-11-03,2026-11-08,28830.19,Open
1066,28,Robusta,96,2026-07-02,4287.94,411642.24,2026-10-04,2026-08-25,2026-10-04,0.0,Open
1067,31,Robusta,19,2026-04-09,4786.05,90934.95,2026-05-30,2026-06-14,2026-05-30,0.0,Shipped
1068,15,Robusta,57,2026-05-05,4097.22,233541.54,2026-06-05,2026-06-08,2026-06-05,0.0,Shipped
1069,11,Robusta,19,2025-12-20,4857.69,92296.11,2026-02-03,2026-02-26,2026-03-20,0.0,Shipped
1070,9,Robusta,96,2026-03-28,4219.58,405079.68,2026-05-31,2026-05-29,2026-07-15,0.0,Shipped
1071,12,Robusta,96,2026-05-28,4506.14,432589.44,2026-08-27,2026-06-23,2026-08-27,0.0,Shipped
1072,10,Robusta,19,2026-05-23,4241.94,80596.86,2026-10-18,2026-06-16,2026-10-18,0.0,Open
1073,38,Robusta,96,2026-03-29,4168.91,400215.36,2026-05-24,2026-06-09,2026-06-23,0.0,Shipped
1074,3,Arabica,38,2026-02-03,6582.71,250142.98,2026-03-11,2026-04-17,2026-04-10,0.0,Shipped
1075,32,Arabica,96,2026-07-08,5510.33,528991.68,2026-08-29,2026-09-25,2026-10-13,0.0,Shipped
1076,48,Robusta,57,2026-04-06,4389.54,250203.78,2026-06-13,2026-04-27,2026-07-13,48259.58,Shipped
1077,39,Arabica,19,2026-04-09,6468.44,122900.36,2026-06-02,2026-06-21,2026-07-17,0.0,Shipped
1078,21,Robusta,19,2026-09-26,3629.77,68965.63,2026-12-03,2026-12-06,2027-01-17,0.0,Open
1079,3,Robusta,38,2025-12-29,4763.38,181008.44,2026-05-24,2026-03-03,2026-06-23,28889.45,Shipped
1080,42,Arabica,19,2026-04-11,6690.84,127125.96,2026-06-25,2026-05-28,2026-08-09,0.0,Shipped
1081,1,Arabica,19,2026-07-18,5808.3,110357.7,2026-11-01,2026-09-04,2026-12-16,0.0,Open
1082,35,Arabica,96,2026-03-22,5781.07,554982.72,2026-07-12,2026-05-03,2026-08-11,0.0,Shipped
1083,34,Robusta,96,2026-03-09,4319.96,414716.16,2026-04-23,2026-03-25,2026-06-07,0.0,Shipped
1084,10,Arabica,38,2025-12-28,5667.34,215358.92,2026-02-25,2026-02-13,2026-02-25,0.0,Shipped
1085,37,Robusta,19,2026-09-18,3738.4,71029.6,2026-12-06,2026-10-18,2027-01-05,0.0,Open
1086,9,Robusta,19,2026-05-27,4443.55,84427.45,2026-08-20,2026-06-24,2026-10-04,0.0,Shipped
1087,12,Robusta,96,2026-08-05,3892.28,373658.88,2026-09-05,2026-08-23,2026-09-05,0.0,Shipped
1088,41,Arabica,38,2026-04-09,6692.88,254329.44,2026-07-25,2026-05-23,2026-09-08,0.0,Shipped
1089,49,Robusta,19,2026-05-01,4145.33,78761.27,2026-07-06,2026-05-19,2026-08-20,0.0,Shipped
1090,14,Arabica,38,2026-05-09,5700.02,216600.76,2026-07-16,2026-07-18,2026-08-15,0.0,Shipped
1091,47,Arabica,38,2025-12-08,5511.57,209439.66,2026-03-20,2026-02-18,2026-03-20,39178.53,Shipped
1092,46,Arabica,57,2026-04-22,6481.11,369423.27,2026-09-12,2026-06-28,2026-10-12,0.0,Shipped
1093,39,Arabica,38,2026-05-28,5178.63,196787.94,2026-10-08,2026-07-01,2026-11-22,0.0,Open
1094,8,Arabica,96,2026-09-08,6109.63,586524.48,2027-02-02,2026-10-03,2027-03-04,82656.26,Open
1095,15,Robusta,57,2026-07-04,3978.34,226765.38,2026-09-21,2026-08-20,2026-09-21,0.0,Shipped
1096,34,Robusta,96,2026-01-02,4439.84,426224.64,2026-02-15,2026-03-01,2026-04-01,0.0,Shipped
1097,50,Robusta,38,2026-05-16,4262.18,161962.84,2026-07-10,2026-06-01,2026-08-09,0.0,Shipped
1098,41,Robusta,57,2025-12-29,4814.51,274427.07,2026-03-10,2026-03-09,2026-04-24,0.0,Shipped
1099,22,Robusta,38,2026-04-22,4385.65,166654.7,2026-06-27,2026-06-04,2026-08-11,0.0,Shipped
1100,12,Robusta,57,2026-04-17,4432.02,252625.14,2026-06-10,2026-06-24,2026-06-10,0.0,Shipped
1101,49,Robusta,57,2026-05-23,4350.39,247972.23,2026-07-10,2026-06-12,2026-08-24,0.0,Shipped
1102,14,Robusta,38,2026-04-15,4470.9,169894.2,2026-06-06,2026-05-27,2026-07-06,0.0,Shipped
1103,18,Robusta,96,2026-09-08,3761.99,361151.04,2026-12-25,2026-10-22,2027-01-24,0.0,Open
1104,49,Arabica,96,2026-09-11,5766.05,553540.8,2026-12-08,2026-09-29,2027-01-22,0.0,Open
1105,29,Robusta,96,2026-05-09,4388.15,421262.4,2026-06-12,2026-07-08,2026-07-12,0.0,Shipped
1106,14,Arabica,19,2026-04-02,6137.68,116615.92,2026-07-08,2026-06-16,2026-08-07,0.0,Shipped
1107,1,Arabica,57,2026-04-16,6496.8,370317.6,2026-08-25,2026-06-05,2026-10-09,0.0,Shipped
1108,22,Robusta,19,2026-05-23,4415.85,83901.15,2026-08-12,2026-07-02,2026-09-26,11661.07,Shipped
1109,50,Arabica,19,2026-07-02,5527.05,105013.95,2026-09-08,2026-08-27,2026-10-08,0.0,Shipped
1110,22,Arabica,96,2026-02-28,6711.29,644283.84,2026-05-01,2026-04-07,2026-06-15,76515.01,Shipped
1111,35,Arabica,19,2026-03-31,5811.06,110410.14,2026-06-14,2026-05-08,2026-07-14,0.0,Shipped
1112,13,Robusta,96,2026-09-14,3794.72,364293.12,2026-11-16,2026-11-17,2026-12-31,0.0,Open
1113,39,Robusta,38,2026-05-16,4310.71,163806.98,2026-10-03,2026-07-08,2026-11-17,0.0,Open
1114,39,Robusta,38,2026-02-27,4300.88,163433.44,2026-07-26,2026-03-31,2026-09-09,0.0,Shipped
1115,31,Arabica,19,2026-02-05,6842.05,129998.95,2026-04-17,2026-03-18,2026-04-17,0.0,Shipped
1116,39,Arabica,57,2026-07-04,5761.57,328409.49,2026-11-21,2026-09-11,2027-01-05,0.0,Open
1117,29,Arabica,57,2025-12-25,5509.55,314044.35,2026-05-06,2026-02-12,2026-06-05,51975.45,Shipped
1118,19,Arabica,38,2026-03-17,5988.7,227570.6,2026-04-25,2026-04-05,2026-04-25,0.0,Shipped
1119,37,Arabica,96,2026-05-20,5528.13,530700.48,2026-08-16,2026-07-29,2026-09-15,83980.18,Shipped
1120,42,Arabica,38,2026-03-24,6234.8,236922.4,2026-07-10,2026-05-26,2026-08-24,0.0,Shipped
1121,43,Robusta,57,2026-01-10,4469.11,254739.27,2026-03-31,2026-02-11,2026-05-15,0.0,Shipped
1122,11,Arabica,38,2026-07-22,5429.67,206327.46,2026-10-14,2026-10-07,2026-11-28,0.0,Open
1123,34,Robusta,57,2026-08-14,3830.54,218340.78,2026-11-11,2026-10-29,2026-12-26,0.0,Open
1124,1,Robusta,19,2026-05-19,4137.25,78607.75,2026-09-08,2026-08-06,2026-10-23,0.0,Shipped
1125,29,Robusta,38,2026-09-03,3834.72,145719.36,2026-11-07,2026-10-12,2026-12-07,21231.51,Open
1126,29,Arabica,57,2026-01-21,5945.24,338878.68,2026-05-02,2026-04-06,2026-06-01,0.0,Shipped
1127,19,Robusta,57,2025-12-11,4722.74,269196.18,2026-02-08,2026-02-16,2026-02-08,45026.91,Shipped
1128,50,Robusta,38,2026-03-31,4108.17,156110.46,2026-08-14,2026-06-10,2026-09-13,0.0,Shipped
1129,45,Robusta,57,2025-12-09,4514.01,257298.57,2026-01-18,2026-01-28,2026-01-18,0.0,Shipped
1130,2,Robusta,57,2026-09-08,3874.15,220826.55,2026-10-16,2026-10-11,2026-11-30,0.0,Open
1131,11,Robusta,38,2026-03-23,3950.99,150137.62,2026-04-26,2026-04-21,2026-06-10,0.0,Shipped
1132,11,Arabica,19,2026-05-19,6104.87,115992.53,2026-07-29,2026-08-04,2026-09-12,0.0,Shipped
1133,45,Arabica,57,2026-07-07,5634.75,321180.75,2026-10-17,2026-08-23,2026-10-17,0.0,Open
1134,26,Robusta,96,2026-06-27,4174.84,400784.64,2026-11-22,2026-09-10,2027-01-06,0.0,Open
1135,37,Robusta,96,2026-04-18,4651.77,446569.92,2026-07-11,2026-06-08,2026-08-10,0.0,Shipped
1136,41,Robusta,57,2026-03-20,4570.49,260517.93,2026-05-10,2026-05-08,2026-06-24,34200.8,Shipped
1137,39,Robusta,96,2026-08-10,3912.89,375637.44,2026-10-23,2026-08-29,2026-12-07,0.0,Open
1138,5,Robusta,96,2026-03-28,4420.02,424321.92,2026-05-12,2026-05-08,2026-06-11,0.0,Shipped
1139,8,Arabica,57,2025-12-25,5639.73,321464.61,2026-03-21,2026-02-14,2026-04-20,0.0,Shipped
1140,20,Arabica,19,2026-09-25,6060.21,115143.99,2027-01-20,2026-10-17,2027-03-06,0.0,Open
1141,17,Robusta,57,2026-01-08,4551.22,259419.54,2026-02-11,2026-02-02,2026-02-11,0.0,Shipped
1142,38,Robusta,57,2026-03-30,4541.32,258855.24,2026-07-31,2026-05-22,2026-08-30,0.0,Shipped
1143,8,Robusta,38,2026-06-18,4376.09,166291.42,2026-08-14,2026-07-19,2026-09-13,0.0,Shipped
1144,19,Robusta,96,2026-02-20,3973.71,381476.16,2026-06-10,2026-04-21,2026-06-10,0.0,Shipped
1145,12,Arabica,96,2026-03-27,6201.16,595311.36,2026-08-01,2026-05-10,2026-08-01,0.0,Shipped
1146,10,Arabica,38,2026-02-10,6370.67,242085.46,2026-06-13,2026-03-23,2026-06-13,0.0,Shipped
1147,9,Arabica,38,2026-09-04,6091.96,231494.48,2026-12-23,2026-09-26,2027-02-06,0.0,Open
1148,10,Arabica,19,2026-09-11,5887.54,111863.26,2027-01-02,2026-10-22,2027-01-02,0.0,Open
1149,29,Arabica,19,2026-03-20,6081.92,115556.48,2026-05-11,2026-05-09,2026-06-10,0.0,Shipped
1150,21,Arabica,38,2026-06-29,5352.95,203412.1,2026-08-14,2026-08-20,2026-09-28,20667.81,Shipped
1151,22,Robusta,38,2026-07-19,4065.94,154505.72,2026-10-02,2026-08-20,2026-11-16,0.0,Open
1152,24,Robusta,38,2026-05-25,4453.91,169248.58,2026-09-04,2026-06-10,2026-10-04,0.0,Shipped
1153,38,Robusta,19,2026-02-23,4389.22,83395.18,2026-06-07,2026-05-09,2026-07-07,0.0,Shipped
1154,44,Robusta,38,2026-08-06,3958.93,150439.34,2026-12-07,2026-10-22,2027-01-06,0.0,Open
1155,27,Robusta,57,2025-12-11,4700.49,267927.93,2026-02-16,2026-02-22,2026-04-02,0.0,Shipped
1156,33,Robusta,38,2026-05-25,4196.63,159471.94,2026-10-05,2026-06-27,2026-10-05,0.0,Open
1157,37,Arabica,57,2026-08-14,5543.13,315958.41,2026-11-05,2026-10-07,2026-12-05,0.0,Open
1158,35,Arabica,38,2026-09-07,5986.97,227504.86,2026-11-05,2026-10-01,2026-12-05,0.0,Open
1159,7,Robusta,57,2026-01-14,4600.85,262248.45,2026-05-12,2026-03-28,2026-05-12,31427.2,Shipped
1160,50,Robusta,57,2026-08-26,3902.47,222440.79,2026-10-10,2026-09-10,2026-11-09,0.0,Open
1161,9,Arabica,96,2026-05-26,5214.13,500556.48,2026-08-12,2026-07-10,2026-09-26,0.0,Shipped
1162,21,Robusta,19,2026-03-12,4466.29,84859.51,2026-07-13,2026-05-21,2026-08-27,0.0,Shipped
1163,33,Robusta,96,2026-04-28,4560.99,437855.04,2026-08-28,2026-06-29,2026-08-28,62483.32,Shipped
1164,21,Robusta,38,2026-07-12,3770.54,143280.52,2026-09-10,2026-09-21,2026-10-25,0.0,Shipped
1165,13,Robusta,19,2026-08-27,3861.65,73371.35,2026-10-15,2026-10-13,2026-11-29,0.0,Open
1166,47,Robusta,57,2026-02-27,4075.43,232299.51,2026-04-01,2026-03-20,2026-04-01,0.0,Shipped
1167,4,Arabica,19,2026-05-04,6026.05,114494.95,2026-06-13,2026-05-19,2026-06-13,0.0,Shipped
1168,13,Arabica,19,2026-09-14,6024.05,114456.95,2027-01-21,2026-10-08,2027-03-07,0.0,Open
1169,50,Arabica,96,2026-08-05,5809.65,557726.4,2026-12-07,2026-08-23,2027-01-06,90346.14,Open
1170,37,Robusta,19,2026-04-13,4684.91,89013.29,2026-07-12,2026-05-27,2026-08-11,0.0,Shipped
1171,5,Arabica,57,2026-08-09,5577.55,317920.35,2026-11-15,2026-08-27,2026-12-15,0.0,Open
1172,38,Arabica,19,2026-06-03,5320.3,101085.7,2026-08-11,2026-06-30,2026-09-10,0.0,Shipped
1173,49,Robusta,19,2026-08-22,3862.19,73381.61,2026-10-14,2026-10-03,2026-11-28,0.0,Open
1174,5,Arabica,19,2026-02-01,6332.78,120322.82,2026-03-04,2026-04-04,2026-04-03,0.0,Shipped
1175,21,Robusta,19,2026-03-23,4135.88,78581.72,2026-07-11,2026-05-20,2026-08-25,10302.34,Shipped
1176,24,Robusta,38,2026-02-05,4308.64,163728.32,2026-03-11,2026-02-23,2026-04-10,0.0,Shipped
1177,7,Robusta,38,2026-09-13,3778.7,143590.6,2026-10-25,2026-11-25,2026-10-25,0.0,Open
1178,11,Robusta,19,2026-06-08,4196.6,79735.4,2026-10-11,2026-07-28,2026-11-25,9887.67,Open
1179,9,Robusta,38,2026-07-10,3980.15,151245.7,2026-10-17,2026-08-16,2026-12-01,0.0,Open
1180,10,Robusta,38,2026-03-26,4067.66,154571.08,2026-06-22,2026-05-04,2026-06-22,0.0,Shipped
1181,21,Robusta,57,2026-01-25,4767.37,271740.09,2026-03-22,2026-04-05,2026-05-06,0.0,Shipped
1182,24,Arabica,96,2026-07-22,5406.4,519014.4,2026-09-07,2026-09-05,2026-10-07,0.0,Shipped
1183,12,Robusta,57,2026-02-10,4358.5,248434.5,2026-05-06,2026-03-12,2026-05-06,0.0,Shipped
1184,15,Robusta,96,2026-04-07,4594.9,441110.4,2026-06-19,2026-05-19,2026-06-19,0.0,Shipped
1185,10,Robusta,19,2026-01-24,4424.39,84063.41,2026-04-28,2026-02-12,2026-04-28,0.0,Shipped
1186,40,Arabica,19,2026-09-04,5822.48,110627.12,2026-10-23,2026-09-28,2026-11-22,0.0,Open
1187,11,Robusta,96,2025-12-05,4522.02,434113.92,2026-01-31,2026-01-09,2026-03-17,0.0,Shipped
1188,46,Arabica,38,2026-05-21,5489.02,208582.76,2026-07-03,2026-06-19,2026-08-02,0.0,Shipped
1189,27,Robusta,96,2026-07-06,4373.45,419851.2,2026-09-24,2026-08-12,2026-11-08,0.0,Shipped
1190,41,Robusta,38,2026-08-05,3728.53,141684.14,2026-10-07,2026-08-24,2026-11-21,0.0,Open
1191,32,Robusta,19,2025-12-07,4590.21,87213.99,2026-02-01,2026-01-30,2026-03-18,0.0,Shipped
1192,14,Robusta,96,2026-01-06,4830.74,463751.04,2026-04-11,2026-01-28,2026-05-11,0.0,Shipped
1193,31,Arabica,57,2026-08-20,5460.27,311235.39,2026-11-17,2026-09-18,2026-11-17,0.0,Open
1194,14,Arabica,96,2026-05-18,5767.33,553663.68,2026-07-12,2026-08-04,2026-08-11,0.0,Shipped
1195,6,Robusta,38,2026-02-20,4254.05,161653.9,2026-06-13,2026-03-07,2026-07-13,0.0,Shipped
1196,13,Arabica,19,2026-04-04,6266.69,119067.11,2026-06-14,2026-05-07,2026-07-29,0.0,Shipped
1197,14,Robusta,57,2026-08-03,4024.64,229404.48,2026-10-12,2026-09-19,2026-11-11,0.0,Open
1198,7,Robusta,19,2026-06-12,4255.06,80846.14,2026-09-07,2026-07-16,2026-09-07,0.0,Shipped
1199,2,Robusta,57,2026-06-10,4081.48,232644.36,2026-07-26,2026-07-15,2026-09-09,0.0,Shipped
1200,48,Robusta,38,2026-07-04,4303.77,163543.26,2026-09-22,2026-07-27,2026-10-22,0.0,Shipped
1201,26,Arabica,96,2025-12-14,5773.13,554220.48,2026-03-23,2026-01-25,2026-05-07,0.0,Shipped
1202,21,Robusta,96,2026-07-30,4045.62,388379.52,2026-09-13,2026-10-02,2026-10-28,0.0,Shipped
1203,47,Robusta,38,2026-03-01,3964.86,150664.68,2026-06-06,2026-04-23,2026-06-06,17347.94,Shipped
1204,12,Robusta,96,2025-12-29,4823.36,463042.56,2026-02-01,2026-03-14,2026-02-01,0.0,Shipped
1205,21,Robusta,19,2026-02-02,4295.23,81609.37,2026-05-15,2026-04-03,2026-06-29,0.0,Shipped
1206,43,Robusta,19,2026-02-01,4113.92,78164.48,2026-03-07,2026-04-08,2026-04-21,0.0,Shipped
1207,32,Arabica,96,2026-08-12,5526.9,530582.4,2026-10-02,2026-09-24,2026-11-16,0.0,Open
1208,20,Robusta,57,2026-08-20,3629.7,206892.9,2026-10-31,2026-10-13,2026-12-15,0.0,Open
1209,13,Robusta,38,2026-02-06,4545.61,172733.18,2026-05-20,2026-03-30,2026-07-04,0.0,Shipped
1210,2,Robusta,19,2026-02-16,4352.27,82693.13,2026-06-12,2026-04-24,2026-07-27,0.0,Shipped
1211,5,Robusta,38,2026-02-18,4089.02,155382.76,2026-05-15,2026-04-06,2026-06-14,0.0,Shipped
1212,9,Robusta,57,2026-05-26,4549.4,259315.8,2026-07-10,2026-07-06,2026-08-24,34552.43,Shipped
1213,40,Arabica,96,2026-04-24,6375.35,612033.6,2026-07-09,2026-05-13,2026-08-08,0.0,Shipped
1214,32,Arabica,96,2026-09-24,5841.05,560740.8,2027-01-26,2026-12-03,2027-03-12,0.0,Open
1215,22,Robusta,38,2026-07-03,4163.0,158194.0,2026-08-12,2026-08-15,2026-09-26,0.0,Shipped
1216,40,Arabica,38,2026-04-23,6237.72,237033.36,2026-08-16,2026-06-28,2026-09-15,0.0,Shipped
1217,9,Robusta,19,2026-08-22,3677.12,69865.28,2026-11-06,2026-10-20,2026-12-21,0.0,Open
1218,11,Arabica,19,2026-08-20,5402.31,102643.89,2026-09-19,2026-09-04,2026-11-03,0.0,Shipped
1219,20,Arabica,38,2026-09-15,6023.44,228890.72,2027-01-06,2026-11-11,2027-02-20,0.0,Open
1220,46,Arabica,57,2026-07-28,5656.5,322420.5,2026-08-30,2026-09-12,2026-09-29,0.0,Shipped
1221,31,Arabica,19,2025-12-05,5676.53,107854.07,2026-02-17,2026-01-04,2026-02-17,0.0,Shipped
1222,43,Robusta,38,2026-03-04,4073.74,154802.12,2026-04-26,2026-04-05,2026-06-10,19426.95,Shipped
1223,13,Robusta,57,2025-12-18,4511.92,257179.44,2026-03-28,2026-02-12,2026-05-12,0.0,Shipped
1224,43,Robusta,96,2026-07-13,4422.03,424514.88,2026-08-18,2026-08-02,2026-10-02,0.0,Shipped
1225,4,Robusta,96,2026-04-02,4215.63,404700.48,2026-05-12,2026-05-26,2026-05-12,0.0,Shipped
1226,12,Arabica,38,2026-01-04,5378.07,204366.66,2026-04-07,2026-03-15,2026-04-07,0.0,Shipped
1227,27,Robusta,38,2026-06-15,4592.68,174521.84,2026-11-11,2026-07-05,2026-12-26,0.0,Open
1228,3,Robusta,96,2026-03-15,4587.41,440391.36,2026-04-18,2026-03-30,2026-05-18,0.0,Shipped
1229,43,Robusta,57,2026-03-05,4006.31,228359.67,2026-05-29,2026-03-23,2026-07-13,0.0,Shipped
1230,44,Robusta,38,2026-01-22,4743.42,180249.96,2026-05-28,2026-03-25,2026-06-27,24877.23,Shipped
1231,28,Arabica,57,2025-12-12,5387.3,307076.1,2026-02-14,2026-02-20,2026-02-14,0.0,Shipped
1232,16,Arabica,19,2026-03-28,5834.01,110846.19,2026-06-25,2026-06-15,2026-08-09,0.0,Shipped
1233,5,Robusta,38,2026-04-07,4402.1,167279.8,2026-08-15,2026-04-23,2026-09-14,0.0,Shipped
1234,31,Robusta,38,2026-01-11,4424.11,168116.18,2026-05-08,2026-02-26,2026-05-08,0.0,Shipped
1235,27,Robusta,96,2026-03-07,4422.45,424555.2,2026-05-11,2026-03-25,2026-06-25,0.0,Shipped
1236,38,Robusta,19,2026-06-12,4255.7,80858.3,2026-10-10,2026-07-21,2026-11-09,0.0,Open
1237,31,Arabica,96,2026-03-23,5976.76,573768.96,2026-07-12,2026-04-27,2026-07-12,0.0,Shipped
1238,7,Robusta,38,2026-04-17,4573.09,173777.42,2026-07-16,2026-06-10,2026-07-16,0.0,Shipped
1239,7,Robusta,19,2026-07-22,4016.05,76304.95,2026-10-12,2026-10-04,2026-10-12,0.0,Open
1240,40,Robusta,57,2026-04-27,4412.86,251533.02,2026-09-15,2026-07-03,2026-10-15,0.0,Shipped
1241,8,Arabica,57,2026-03-25,6054.56,345109.92,2026-08-06,2026-04-13,2026-09-05,0.0,Shipped
1242,47,Arabica,19,2025-12-31,5663.2,107600.8,2026-05-28,2026-01-30,2026-05-28,19186.8,Shipped
1243,6,Robusta,19,2026-04-07,4669.59,88722.21,2026-07-27,2026-05-09,2026-08-26,0.0,Shipped
1244,37,Robusta,19,2026-08-10,3980.02,75620.38,2026-10-22,2026-09-10,2026-11-21,0.0,Open
1245,49,Robusta,38,2025-12-06,4589.06,174384.28,2026-01-18,2026-01-12,2026-03-04,30316.38,Shipped
1246,23,Arabica,19,2026-04-08,6570.71,124843.49,2026-05-23,2026-06-01,2026-06-22,0.0,Shipped
1247,3,Robusta,57,2026-07-04,4196.81,239218.17,2026-11-25,2026-09-05,2026-12-25,41440.79,Open
1248,44,Robusta,19,2026-02-14,4217.92,80140.48,2026-04-28,2026-05-01,2026-05-28,0.0,Shipped
1249,10,Arabica,96,2026-06-05,5240.49,503087.04,2026-07-18,2026-08-04,2026-07-18,0.0,Shipped
1250,27,Arabica,96,2026-06-09,5336.25,512280.0,2026-08-04,2026-07-13,2026-09-18,0.0,Shipped
1251,50,Robusta,57,2026-01-20,4561.73,260018.61,2026-02-21,2026-02-15,2026-03-23,0.0,Shipped
1252,38,Robusta,96,2026-01-11,4528.68,434753.28,2026-04-14,2026-02-19,2026-05-14,0.0,Shipped
1253,3,Robusta,96,2026-04-24,4539.63,435804.48,2026-08-02,2026-06-29,2026-09-01,0.0,Shipped
1254,42,Robusta,19,2026-06-09,4312.24,81932.56,2026-08-23,2026-08-27,2026-10-07,0.0,Shipped
1255,9,Robusta,38,2026-01-13,4618.78,175513.64,2026-05-12,2026-02-22,2026-06-26,0.0,Shipped
1256,38,Arabica,96,2026-08-08,5625.61,540058.56,2026-11-03,2026-09-03,2026-12-03,0.0,Open
1257,32,Arabica,38,2026-02-16,5960.52,226499.76,2026-07-11,2026-03-03,2026-08-25,0.0,Shipped
1258,15,Robusta,57,2026-04-06,4524.87,257917.59,2026-08-05,2026-04-26,2026-08-05,0.0,Shipped
1259,22,Arabica,96,2026-01-15,6199.2,595123.2,2026-02-23,2026-03-12,2026-04-09,0.0,Shipped
1260,6,Robusta,96,2026-05-25,4477.11,429802.56,2026-07-26,2026-07-17,2026-08-25,0.0,Shipped
1261,50,Robusta,38,2026-01-22,4578.92,173998.96,2026-05-22,2026-03-19,2026-06-21,0.0,Shipped
1262,12,Arabica,38,2026-09-24,5667.65,215370.7,2026-12-27,2026-10-10,2026-12-27,0.0,Open
1263,16,Robusta,19,2026-02-13,4491.71,85342.49,2026-06-13,2026-03-28,2026-07-28,0.0,Shipped
1264,26,Robusta,38,2026-09-08,3900.64,148224.32,2026-11-17,2026-10-04,2027-01-01,0.0,Open
1265,34,Robusta,38,2026-03-20,4532.68,172241.84,2026-04-23,2026-04-25,2026-06-07,0.0,Shipped
1266,26,Robusta,38,2026-08-01,3928.98,149301.24,2026-12-03,2026-09-25,2027-01-17,0.0,Open
1267,26,Robusta,38,2025-12-13,4591.36,174471.68,2026-04-16,2026-01-14,2026-05-31,0.0,Shipped
1268,30,Arabica,96,2026-02-10,6496.71,623684.16,2026-05-27,2026-04-08,2026-05-27,0.0,Shipped
1269,43,Arabica,96,2026-08-28,5388.62,517307.52,2026-11-14,2026-09-30,2026-12-29,100140.82,Open
1270,20,Arabica,57,2026-01-04,5525.1,314930.7,2026-02-04,2026-02-21,2026-03-21,60072.65,Shipped
1271,42,Arabica,19,2026-07-15,6023.25,114441.75,2026-11-09,2026-08-28,2026-12-24,0.0,Open
1272,40,Robusta,38,2026-04-18,4607.98,175103.24,2026-08-05,2026-05-27,2026-09-04,0.0,Shipped
1273,49,Arabica,57,2026-09-03,5837.2,332720.4,2026-12-22,2026-09-26,2027-02-05,0.0,Open
1274,46,Robusta,19,2026-08-28,3875.69,73638.11,2026-10-17,2026-10-19,2026-11-16,0.0,Open
1275,40,Robusta,38,2026-07-18,3930.73,149367.74,2026-11-12,2026-10-05,2026-12-12,0.0,Open
1276,13,Arabica,57,2026-04-21,6752.91,384915.87,2026-08-15,2026-06-16,2026-09-29,0.0,Shipped
1277,39,Robusta,96,2026-04-19,4468.63,428988.48,2026-08-29,2026-06-21,2026-10-13,0.0,Shipped
1278,37,Robusta,96,2026-01-15,4504.06,432389.76,2026-04-23,2026-03-23,2026-05-23,0.0,Shipped
1279,15,Robusta,38,2026-08-10,3819.42,145137.96,2026-12-05,2026-08-27,2026-12-05,0.0,Open
1280,34,Robusta,38,2026-02-16,4191.42,159273.96,2026-05-05,2026-04-23,2026-06-19,0.0,Shipped
1281,13,Robusta,38,2026-09-27,3960.09,150483.42,2027-01-18,2026-10-27,2027-03-04,0.0,Open
1282,27,Robusta,57,2026-07-03,4090.01,233130.57,2026-10-24,2026-08-30,2026-12-08,0.0,Open
1283,40,Arabica,38,2026-08-07,5409.71,205568.98,2026-12-08,2026-10-24,2027-01-07,0.0,Open
1284,10,Robusta,38,2026-08-22,3905.93,148425.34,2027-01-01,2026-11-03,2027-01-01,0.0,Open
1285,17,Robusta,19,2026-04-06,4220.67,80192.73,2026-05-06,2026-05-17,2026-05-06,0.0,Shipped
1286,40,Robusta,38,2026-01-01,4724.33,179524.54,2026-05-04,2026-03-11,2026-06-03,0.0,Shipped
1287,23,Arabica,19,2026-03-12,6065.01,115235.19,2026-07-15,2026-05-06,2026-08-14,0.0,Shipped
1288,49,Robusta,57,2026-01-15,4697.3,267746.1,2026-04-20,2026-02-07,2026-06-04,0.0,Shipped
1289,1,Robusta,96,2026-04-04,4463.67,428512.32,2026-07-05,2026-05-04,2026-08-19,0.0,Shipped
1290,37,Robusta,96,2026-09-12,3741.65,359198.4,2027-01-06,2026-11-28,2027-02-05,0.0,Open
1291,41,Arabica,38,2026-06-17,5546.01,210748.38,2026-09-09,2026-08-30,2026-10-24,0.0,Shipped
1292,46,Arabica,96,2026-01-24,6401.37,614531.52,2026-04-13,2026-04-06,2026-05-13,0.0,Shipped
1293,8,Robusta,96,2026-09-15,3586.09,344264.64,2027-01-19,2026-10-24,2027-02-18,0.0,Open
1294,50,Arabica,38,2026-08-30,5315.83,202001.54,2027-01-01,2026-10-04,2027-01-31,0.0,Open
1295,20,Robusta,96,2026-01-21,4775.53,458450.88,2026-03-16,2026-03-29,2026-04-30,0.0,Shipped
1296,18,Robusta,38,2026-09-10,3803.52,144533.76,2027-01-17,2026-09-26,2027-02-16,0.0,Open
1297,18,Robusta,96,2025-12-15,4453.13,427500.48,2026-02-22,2026-02-26,2026-03-24,0.0,Shipped
1298,32,Robusta,38,2026-02-13,4297.99,163323.62,2026-03-31,2026-04-08,2026-05-15,0.0,Shipped
1299,33,Robusta,38,2026-03-13,4423.29,168085.02,2026-07-26,2026-05-08,2026-07-26,0.0,Shipped
1300,24,Robusta,19,2026-04-21,4447.0,84493.0,2026-06-18,2026-06-03,2026-07-18,0.0,Shipped
1301,4,Robusta,96,2026-09-02,3839.49,368591.04,2026-10-26,2026-11-19,2026-10-26,0.0,Open
1302,50,Robusta,38,2026-05-27,4530.08,172143.04,2026-07-28,2026-07-29,2026-08-27,0.0,Shipped
1303,12,Robusta,96,2026-01-29,4149.09,398312.64,2026-04-27,2026-02-16,2026-04-27,0.0,Shipped
1304,5,Arabica,19,2025-12-31,5390.11,102412.09,2026-02-18,2026-02-18,2026-03-20,0.0,Shipped
1305,30,Arabica,57,2026-05-17,5424.15,309176.55,2026-07-05,2026-07-26,2026-07-05,0.0,Shipped
1306,21,Robusta,38,2026-01-20,4567.92,173580.96,2026-04-07,2026-02-08,2026-05-22,21440.15,Shipped
1307,31,Robusta,38,2026-02-08,4413.23,167702.74,2026-04-05,2026-04-11,2026-04-05,0.0,Shipped
1308,44,Robusta,19,2026-09-11,3612.33,68634.27,2026-11-03,2026-10-11,2026-12-03,0.0,Open
1309,5,Robusta,19,2026-03-26,4367.84,82988.96,2026-08-12,2026-05-12,2026-09-11,0.0,Shipped
1310,15,Robusta,38,2026-03-28,4283.17,162760.46,2026-07-07,2026-06-08,2026-07-07,0.0,Shipped
1311,26,Robusta,38,2026-04-19,4673.03,177575.14,2026-05-20,2026-06-05,2026-07-04,0.0,Shipped
1312,40,Arabica,96,2026-02-09,6460.44,620202.24,2026-03-23,2026-02-26,2026-04-22,0.0,Shipped
1313,31,Arabica,38,2026-01-05,5495.86,208842.68,2026-05-12,2026-01-21,2026-05-12,0.0,Shipped
1314,20,Robusta,19,2026-04-16,4493.61,85378.59,2026-06-17,2026-06-17,2026-08-01,0.0,Shipped
1315,31,Robusta,38,2026-06-24,4106.96,156064.48,2026-08-11,2026-09-07,2026-08-11,0.0,Shipped
1316,49,Arabica,57,2025-12-08,5724.27,326283.39,2026-03-27,2026-01-10,2026-05-11,0.0,Shipped
1317,25,Robusta,38,2025-12-13,4380.9,166474.2,2026-04-22,2026-02-26,2026-05-22,0.0,Shipped
1318,45,Arabica,96,2026-03-07,6491.66,623199.36,2026-05-23,2026-04-20,2026-05-23,0.0,Shipped
1319,39,Robusta,38,2026-03-20,4427.63,168249.94,2026-07-17,2026-04-07,2026-08-31,24425.67,Shipped
1320,16,Robusta,57,2026-08-28,3928.17,223905.69,2026-11-16,2026-10-16,2026-12-31,0.0,Open
1321,13,Robusta,19,2026-05-31,4364.2,82919.8,2026-07-13,2026-08-17,2026-08-27,0.0,Shipped
1322,39,Robusta,19,2026-07-31,3881.23,73743.37,2026-12-03,2026-08-31,2027-01-17,0.0,Open
1323,11,Arabica,96,2026-04-27,6479.22,622005.12,2026-09-14,2026-07-13,2026-10-29,73272.01,Shipped
1324,17,Robusta,38,2026-01-24,4766.94,181143.72,2026-06-21,2026-03-22,2026-06-21,0.0,Shipped
1325,12,Arabica,38,2026-07-23,5810.09,220783.42,2026-09-03,2026-09-01,2026-09-03,0.0,Shipped
1326,31,Robusta,57,2025-12-03,4525.49,257952.93,2026-03-10,2026-02-01,2026-03-10,37034.95,Shipped
1327,15,Arabica,19,2026-08-21,5670.86,107746.34,2026-12-03,2026-10-01,2026-12-03,0.0,Open
1328,33,Arabica,57,2026-08-30,5401.7,307896.9,2026-10-08,2026-09-19,2026-10-08,0.0,Open
1329,47,Robusta,38,2025-12-10,4666.5,177327.0,2026-05-03,2026-02-19,2026-05-03,0.0,Shipped
1330,42,Robusta,19,2026-08-29,3671.82,69764.58,2026-10-10,2026-10-07,2026-11-24,0.0,Open
1331,48,Arabica,38,2026-02-20,6574.78,249841.64,2026-04-23,2026-04-12,2026-05-23,0.0,Shipped
1332,2,Robusta,38,2026-02-11,3970.0,150860.0,2026-07-07,2026-04-15,2026-08-21,0.0,Shipped
1333,23,Arabica,19,2026-06-21,5251.81,99784.39,2026-09-25,2026-07-11,2026-10-25,0.0,Shipped
1334,12,Robusta,57,2026-09-09,3783.23,215644.11,2026-12-29,2026-11-09,2026-12-29,0.0,Open
1335,46,Robusta,57,2026-06-28,4009.61,228547.77,2026-09-25,2026-08-05,2026-10-25,0.0,Shipped
1336,36,Robusta,38,2026-09-08,3792.89,144129.82,2027-01-06,2026-10-28,2027-01-06,0.0,Open
1337,17,Arabica,96,2026-03-11,6528.32,626718.72,2026-04-19,2026-04-24,2026-04-19,0.0,Shipped
1338,29,Arabica,57,2026-01-05,5544.13,316015.41,2026-04-26,2026-03-11,2026-05-26,57987.04,Shipped
1339,31,Robusta,96,2025-12-03,4388.49,421295.04,2026-01-09,2025-12-30,2026-01-09,0.0,Shipped
1340,25,Arabica,19,2026-01-31,6263.58,119008.02,2026-03-23,2026-02-21,2026-04-22,15408.7,Shipped
1341,24,Arabica,96,2026-02-08,6404.18,614801.28,2026-05-09,2026-03-21,2026-06-08,0.0,Shipped
1342,3,Robusta,38,2026-01-07,4592.97,174532.86,2026-03-31,2026-01-29,2026-04-30,0.0,Shipped
1343,23,Robusta,57,2026-02-10,4328.94,246749.58,2026-03-30,2026-03-12,2026-04-29,0.0,Shipped
1344,18,Arabica,96,2026-03-17,5844.89,561109.44,2026-07-20,2026-05-13,2026-08-19,0.0,Shipped
1345,41,Arabica,38,2025-12-04,6190.52,235239.76,2026-02-08,2026-02-10,2026-03-25,0.0,Shipped
1346,44,Robusta,38,2026-06-24,4176.53,158708.14,2026-11-04,2026-08-23,2026-12-04,0.0,Open
1347,38,Arabica,19,2026-05-28,5520.85,104896.15,2026-06-28,2026-07-02,2026-07-28,0.0,Shipped
1348,2,Robusta,57,2025-12-31,4672.39,266326.23,2026-02-27,2026-03-08,2026-04-13,40870.59,Shipped
1349,43,Arabica,96,2026-06-27,5463.88,524532.48,2026-08-31,2026-08-07,2026-10-15,0.0,Shipped
1350,20,Arabica,38,2026-07-01,5666.33,215320.54,2026-10-10,2026-07-27,2026-11-24,33784.54,Open
1351,21,Arabica,19,2026-08-14,5746.01,109174.19,2026-10-31,2026-10-17,2026-12-15,0.0,Open
1352,48,Robusta,38,2026-07-08,4088.47,155361.86,2026-08-25,2026-08-25,2026-09-24,27904.49,Shipped
1353,44,Robusta,38,2026-04-03,4369.44,166038.72,2026-07-10,2026-05-12,2026-08-09,0.0,Shipped
1354,3,Robusta,96,2026-01-06,4744.94,455514.24,2026-05-30,2026-03-04,2026-06-29,67504.12,Shipped
1355,18,Robusta,19,2026-08-19,3764.82,71531.58,2026-10-04,2026-10-20,2026-11-03,0.0,Open
1356,38,Arabica,38,2026-03-08,6462.49,245574.62,2026-05-07,2026-04-06,2026-06-06,0.0,Shipped
1357,27,Robusta,57,2026-02-11,4508.55,256987.35,2026-05-09,2026-03-05,2026-06-23,0.0,Shipped
1358,13,Robusta,19,2026-01-03,4681.85,88955.15,2026-04-30,2026-02-20,2026-06-14,0.0,Shipped
1359,27,Robusta,96,2026-02-15,4383.57,420822.72,2026-04-02,2026-03-05,2026-05-17,0.0,Shipped
1360,44,Robusta,96,2026-08-13,4043.39,388165.44,2026-10-09,2026-10-08,2026-11-08,0.0,Open
1361,12,Robusta,38,2026-05-05,4112.96,156292.48,2026-07-02,2026-06-17,2026-07-02,0.0,Shipped
1362,38,Arabica,57,2025-12-17,5705.73,325226.61,2026-03-30,2026-01-14,2026-04-29,0.0,Shipped
1363,37,Arabica,96,2025-12-30,5496.88,527700.48,2026-02-07,2026-02-21,2026-03-09,0.0,Shipped
1364,45,Robusta,57,2026-03-29,4233.29,241297.53,2026-07-16,2026-05-07,2026-07-16,0.0,Shipped
1365,15,Arabica,19,2025-12-14,5939.66,112853.54,2026-03-05,2026-01-23,2026-03-05,0.0,Shipped
1366,11,Arabica,19,2026-03-12,6207.39,117940.41,2026-05-20,2026-04-10,2026-07-04,0.0,Shipped
1367,28,Robusta,38,2026-09-09,3648.15,138629.7,2027-01-20,2026-11-06,2027-01-20,14576.76,Open
1368,27,Arabica,19,2025-12-28,5678.9,107899.1,2026-05-05,2026-03-11,2026-06-19,12155.8,Shipped
1369,21,Robusta,38,2026-08-09,3799.58,144384.04,2026-12-13,2026-10-03,2027-01-27,20879.64,Open
1370,39,Robusta,57,2026-06-06,4272.41,243527.37,2026-10-20,2026-07-06,2026-12-04,38788.92,Open
1371,40,Robusta,57,2026-07-19,4140.57,236012.49,2026-09-15,2026-09-26,2026-10-15,0.0,Shipped
1372,13,Robusta,19,2026-02-25,4110.16,78093.04,2026-07-07,2026-03-19,2026-08-21,0.0,Shipped
1373,40,Arabica,19,2026-09-20,5816.29,110509.51,2026-11-10,2026-10-23,2026-12-10,0.0,Open
1374,12,Arabica,19,2026-03-20,5990.48,113819.12,2026-05-28,2026-04-06,2026-05-28,0.0,Shipped
1375,21,Arabica,38,2026-01-12,5980.77,227269.26,2026-04-18,2026-03-23,2026-06-02,0.0,Shipped
1376,2,Robusta,96,2026-02-04,4599.07,441510.72,2026-06-03,2026-02-21,2026-07-18,0.0,Shipped
1377,18,Robusta,38,2026-06-28,4098.05,155725.9,2026-10-05,2026-08-17,2026-11-04,0.0,Open
1378,48,Arabica,38,2026-01-02,5746.9,218382.2,2026-04-09,2026-01-29,2026-05-09,0.0,Shipped
1379,23,Robusta,57,2026-06-12,4407.51,251228.07,2026-08-26,2026-07-10,2026-09-25,0.0,Shipped
1380,36,Robusta,19,2026-03-08,4130.04,78470.76,2026-06-17,2026-05-01,2026-06-17,0.0,Shipped
1381,6,Robusta,19,2026-04-29,4426.66,84106.54,2026-07-25,2026-07-05,2026-08-24,0.0,Shipped
1382,32,Robusta,19,2026-09-08,3788.59,71983.21,2026-12-04,2026-09-24,2027-01-18,0.0,Open
1383,19,Robusta,57,2026-09-28,3694.89,210608.73,2027-01-06,2026-10-23,2027-01-06,0.0,Open
1384,38,Robusta,38,2026-08-05,3914.91,148766.58,2026-11-15,2026-09-07,2026-12-15,0.0,Open
1385,47,Robusta,57,2025-12-22,4697.44,267754.08,2026-03-01,2026-03-08,2026-03-01,0.0,Shipped
1386,27,Robusta,57,2025-12-16,4469.96,254787.72,2026-01-31,2026-01-03,2026-03-17,45298.07,Shipped
1387,6,Robusta,38,2026-05-28,4574.09,173815.42,2026-08-01,2026-06-23,2026-08-31,31692.79,Shipped
1388,24,Robusta,96,2025-12-12,4524.05,434308.8,2026-03-01,2026-01-22,2026-03-31,0.0,Shipped
1389,7,Robusta,96,2026-09-14,3727.56,357845.76,2026-11-02,2026-10-20,2026-11-02,0.0,Open
1390,23,Arabica,19,2025-12-12,5439.01,103341.19,2026-02-01,2025-12-30,2026-03-03,0.0,Shipped
1391,4,Robusta,96,2026-07-21,3907.74,375143.04,2026-12-12,2026-09-09,2026-12-12,47355.32,Open
1392,33,Arabica,19,2026-09-17,6030.74,114584.06,2026-11-19,2026-11-10,2026-11-19,0.0,Open
1393,16,Arabica,19,2026-02-13,6340.44,120468.36,2026-06-11,2026-03-11,2026-07-26,0.0,Shipped
1394,11,Robusta,57,2026-06-06,4273.53,243591.21,2026-07-21,2026-08-04,2026-09-04,0.0,Shipped
1395,1,Arabica,19,2026-07-03,5651.53,107379.07,2026-11-26,2026-07-21,2027-01-10,0.0,Open
1396,45,Arabica,38,2026-02-13,6003.31,228125.78,2026-04-09,2026-04-16,2026-04-09,0.0,Shipped
1397,42,Robusta,19,2026-06-21,4281.3,81344.7,2026-09-06,2026-07-22,2026-10-21,0.0,Shipped
1398,41,Robusta,38,2026-02-15,4274.14,162417.32,2026-06-18,2026-03-16,2026-08-02,0.0,Shipped
1399,3,Robusta,96,2026-08-01,3840.46,368684.16,2026-09-24,2026-08-28,2026-10-24,0.0,Shipped
1400,18,Arabica,96,2026-09-03,6085.22,584181.12,2026-12-07,2026-11-13,2027-01-06,0.0,Open
1401,49,Arabica,19,2026-06-23,5381.12,102241.28,2026-10-25,2026-08-09,2026-12-09,0.0,Open
1402,29,Arabica,57,2026-03-30,5797.95,330483.15,2026-05-01,2026-05-28,2026-05-31,58891.41,Shipped
1403,7,Arabica,38,2026-07-23,5453.21,207221.98,2026-08-25,2026-08-20,2026-08-25,0.0,Shipped
1404,8,Robusta,38,2026-08-17,3870.12,147064.56,2026-12-19,2026-09-04,2027-01-18,0.0,Open
1405,14,Arabica,57,2026-02-16,5988.85,341364.45,2026-04-18,2026-03-05,2026-05-18,0.0,Shipped
1406,49,Robusta,96,2026-05-04,4257.3,408700.8,2026-09-20,2026-06-16,2026-11-04,0.0,Shipped
1407,9,Arabica,38,2026-05-22,5213.47,198111.86,2026-10-10,2026-06-27,2026-11-24,0.0,Open
1408,46,Robusta,19,2026-07-19,3957.81,75198.39,2026-12-01,2026-09-21,2026-12-31,0.0,Open
1409,34,Robusta,96,2026-09-23,3424.42,328744.32,2027-02-19,2026-11-28,2027-04-05,0.0,Open
1410,47,Arabica,96,2026-09-13,5734.64,550525.44,2027-01-19,2026-10-18,2027-01-19,0.0,Open
1411,42,Arabica,38,2026-03-08,6623.91,251708.58,2026-05-23,2026-04-20,2026-07-07,0.0,Shipped
1412,17,Arabica,57,2026-09-04,5975.62,340610.34,2027-01-31,2026-10-13,2027-01-31,0.0,Open
1413,42,Robusta,96,2026-07-16,4345.66,417183.36,2026-09-25,2026-09-12,2026-11-09,0.0,Shipped
1414,9,Robusta,57,2025-12-29,5041.51,287366.07,2026-04-08,2026-02-22,2026-05-23,0.0,Shipped
1415,15,Arabica,38,2026-06-17,5568.19,211591.22,2026-07-17,2026-08-13,2026-07-17,0.0,Shipped
1416,11,Robusta,96,2026-02-17,4218.86,405010.56,2026-07-12,2026-03-07,2026-08-26,74344.06,Shipped
1417,7,Robusta,96,2026-06-18,4128.32,396318.72,2026-09-27,2026-07-24,2026-09-27,0.0,Shipped
1418,5,Robusta,57,2025-12-23,4924.69,280707.33,2026-05-15,2026-03-10,2026-06-14,34350.45,Shipped
1419,10,Robusta,19,2026-01-25,4660.3,88545.7,2026-04-07,2026-03-03,2026-04-07,0.0,Shipped
1420,7,Robusta,38,2026-05-11,4516.97,171644.86,2026-07-17,2026-06-06,2026-07-17,0.0,Shipped
1421,20,Robusta,57,2026-03-07,4172.58,237837.06,2026-06-07,2026-04-03,2026-07-22,41286.71,Shipped
1422,4,Arabica,38,2026-05-28,5613.29,213305.02,2026-10-08,2026-06-13,2026-10-08,0.0,Open
1423,4,Arabica,57,2025-12-19,5675.43,323499.51,2026-03-24,2026-02-22,2026-03-24,0.0,Shipped
1424,50,Arabica,57,2026-06-13,5446.39,310444.23,2026-10-16,2026-06-28,2026-11-15,0.0,Open
1425,5,Robusta,19,2026-01-21,4831.64,91801.16,2026-03-17,2026-03-15,2026-04-16,0.0,Shipped
1426,4,Robusta,57,2026-03-28,4159.91,237114.87,2026-07-29,2026-05-07,2026-07-29,25481.07,Shipped
1427,2,Arabica,57,2026-03-19,5818.1,331631.7,2026-07-14,2026-04-09,2026-08-28,39892.35,Shipped
1428,7,Arabica,19,2026-06-15,5100.24,96904.56,2026-10-30,2026-08-26,2026-10-30,0.0,Open
1429,27,Robusta,57,2026-01-22,4455.75,253977.75,2026-02-27,2026-03-26,2026-04-13,0.0,Shipped
1430,42,Arabica,57,2026-02-17,6428.83,366443.31,2026-05-04,2026-04-26,2026-06-18,0.0,Shipped
1431,37,Arabica,19,2026-01-27,6490.28,123315.32,2026-03-08,2026-04-12,2026-04-07,0.0,Shipped
1432,30,Arabica,57,2026-01-31,6363.95,362745.15,2026-04-19,2026-04-15,2026-04-19,0.0,Shipped
1433,5,Arabica,38,2026-08-12,5680.5,215859.0,2026-12-11,2026-10-11,2027-01-10,0.0,Open
1434,39,Robusta,38,2026-01-09,4234.08,160895.04,2026-04-25,2026-02-27,2026-06-09,0.0,Shipped
1435,2,Robusta,57,2026-01-19,4750.7,270789.9,2026-05-19,2026-03-20,2026-07-03,0.0,Shipped
1436,32,Robusta,19,2026-07-18,3963.17,75300.23,2026-11-13,2026-08-31,2026-12-28,14892.0,Open
1437,21,Robusta,19,2025-12-08,4577.04,86963.76,2026-05-06,2026-01-03,2026-06-20,0.0,Shipped
1438,45,Arabica,38,2026-04-23,6510.42,247395.96,2026-09-05,2026-06-02,2026-09-05,0.0,Shipped
1439,16,Arabica,96,2026-06-24,5554.62,533243.52,2026-10-02,2026-08-08,2026-11-16,0.0,Open
1440,32,Robusta,19,2026-07-23,4000.63,76011.97,2026-12-05,2026-08-10,2027-01-19,0.0,Open
1441,22,Arabica,96,2026-06-11,4837.94,464442.24,2026-07-16,2026-08-20,2026-08-30,0.0,Shipped
1442,27,Arabica,19,2026-09-17,6062.65,115190.35,2027-01-11,2026-11-30,2027-02-25,0.0,Open
1443,47,Arabica,38,2026-03-05,6457.2,245373.6,2026-06-05,2026-04-16,2026-06-05,0.0,Shipped
1444,36,Robusta,38,2026-02-28,4004.7,152178.6,2026-07-22,2026-04-16,2026-07-22,0.0,Shipped
1445,21,Arabica,38,2026-03-12,6282.59,238738.42,2026-06-10,2026-05-20,2026-07-25,0.0,Shipped
1446,23,Robusta,19,2026-04-17,4465.3,84840.7,2026-06-07,2026-05-31,2026-07-07,0.0,Shipped
1447,36,Robusta,96,2026-06-12,4016.03,385538.88,2026-10-06,2026-08-10,2026-10-06,0.0,Open
1448,18,Robusta,38,2026-02-23,4275.12,162454.56,2026-07-17,2026-04-12,2026-08-16,0.0,Shipped
1449,9,Arabica,96,2026-01-10,5811.08,557863.68,2026-02-10,2026-02-11,2026-03-27,0.0,Shipped
1450,24,Arabica,57,2026-09-02,5739.74,327165.18,2026-10-09,2026-11-07,2026-11-08,0.0,Open
1451,4,Robusta,57,2026-06-06,4270.44,243415.08,2026-09-23,2026-07-03,2026-09-23,0.0,Shipped
1452,9,Robusta,38,2025-12-04,4700.52,178619.76,2026-03-10,2026-01-02,2026-04-24,0.0,Shipped
1453,22,Arabica,57,2026-01-13,6099.34,347662.38,2026-04-18,2026-03-13,2026-06-02,0.0,Shipped
1454,40,Arabica,96,2025-12-04,5908.42,567208.32,2026-01-13,2026-02-03,2026-02-12,0.0,Shipped
1455,40,Robusta,96,2026-08-05,3832.08,367879.68,2026-11-11,2026-10-21,2026-12-11,0.0,Open
1456,14,Arabica,96,2026-05-12,5945.65,570782.4,2026-08-18,2026-07-12,2026-09-17,0.0,Shipped
1457,22,Arabica,19,2026-08-20,5713.24,108551.56,2026-12-29,2026-09-05,2027-02-12,0.0,Open
1458,8,Arabica,57,2026-01-12,6170.4,351712.8,2026-03-29,2026-03-23,2026-04-28,0.0,Shipped
1459,38,Arabica,38,2026-04-26,6462.39,245570.82,2026-07-06,2026-06-06,2026-08-05,0.0,Shipped
1460,13,Arabica,96,2026-07-17,6213.32,596478.72,2026-08-25,2026-08-01,2026-10-09,0.0,Shipped
1461,40,Arabica,96,2026-09-01,5468.38,524964.48,2026-12-08,2026-10-23,2027-01-07,0.0,Open
1462,43,Arabica,96,2026-02-19,6318.83,606607.68,2026-06-06,2026-03-17,2026-07-21,0.0,Shipped
1463,35,Robusta,19,2026-01-28,4365.43,82943.17,2026-04-01,2026-03-11,2026-05-01,0.0,Shipped
1464,17,Robusta,38,2026-01-08,4383.43,166570.34,2026-05-05,2026-02-22,2026-05-05,0.0,Shipped
1465,48,Arabica,57,2025-12-11,5446.32,310440.24,2026-05-02,2025-12-30,2026-06-01,0.0,Shipped
1466,35,Robusta,57,2026-01-27,4220.13,240547.41,2026-03-18,2026-04-07,2026-04-17,0.0,Shipped
1467,33,Arabica,38,2026-02-05,6320.88,240193.44,2026-05-14,2026-03-25,2026-05-14,0.0,Shipped
1468,43,Robusta,19,2026-01-28,4358.64,82814.16,2026-05-21,2026-04-15,2026-07-05,0.0,Shipped
1469,45,Robusta,19,2025-12-03,4510.47,85698.93,2026-01-04,2026-01-17,2026-01-04,0.0,Shipped
1470,4,Robusta,57,2026-05-13,4158.83,237053.31,2026-07-03,2026-07-05,2026-07-03,43359.6,Shipped
1471,45,Robusta,38,2026-02-13,4303.03,163515.14,2026-05-01,2026-04-21,2026-05-01,0.0,Shipped
1472,39,Robusta,38,2026-01-26,4482.26,170325.88,2026-03-13,2026-02-23,2026-04-27,0.0,Shipped
1473,11,Robusta,96,2026-08-25,3937.97,378045.12,2026-11-05,2026-11-07,2026-12-20,0.0,Open
1474,16,Arabica,19,2026-03-05,6387.43,121361.17,2026-04-21,2026-03-31,2026-06-05,0.0,Shipped
1475,38,Robusta,96,2026-06-19,4365.42,419080.32,2026-11-03,2026-09-06,2026-12-03,0.0,Open
1476,11,Robusta,38,2026-08-20,3813.05,144895.9,2026-11-29,2026-10-15,2027-01-13,0.0,Open
1477,23,Robusta,96,2026-08-08,3774.59,362360.64,2026-10-16,2026-09-25,2026-11-15,0.0,Open
1478,35,Robusta,96,2026-08-25,3802.84,365072.64,2026-12-26,2026-09-22,2027-01-25,0.0,Open
1479,33,Robusta,57,2026-01-02,4487.96,255813.72,2026-02-03,2026-02-22,2026-02-03,0.0,Shipped
1480,46,Arabica,38,2026-02-09,6475.01,246050.38,2026-05-21,2026-03-31,2026-06-20,0.0,Shipped
1481,6,Arabica,19,2026-08-29,5262.71,99991.49,2026-12-19,2026-11-15,2027-01-18,0.0,Open
1482,15,Robusta,19,2026-03-25,4233.73,80440.87,2026-07-30,2026-06-02,2026-07-30,0.0,Shipped
1483,50,Robusta,96,2026-03-14,4291.97,412029.12,2026-05-09,2026-04-29,2026-06-08,0.0,Shipped
1484,29,Robusta,19,2026-04-26,4413.78,83861.82,2026-08-04,2026-06-05,2026-09-03,0.0,Shipped
1485,13,Robusta,38,2026-03-31,4347.34,165198.92,2026-07-31,2026-05-10,2026-09-14,0.0,Shipped
1486,15,Arabica,38,2025-12-30,5824.2,221319.6,2026-05-04,2026-02-07,2026-05-04,0.0,Shipped
1487,17,Robusta,57,2026-04-26,4310.69,245709.33,2026-06-16,2026-05-11,2026-06-16,0.0,Shipped
1488,28,Arabica,96,2026-03-15,6240.26,599064.96,2026-08-09,2026-04-01,2026-08-09,0.0,Shipped
1489,15,Robusta,57,2026-04-10,4549.03,259294.71,2026-06-11,2026-06-12,2026-06-11,0.0,Shipped
1490,32,Robusta,96,2026-06-02,4673.57,448662.72,2026-08-17,2026-07-03,2026-10-01,0.0,Shipped
1491,23,Robusta,57,2026-01-04,4434.7,252777.9,2026-02-26,2026-02-14,2026-03-28,0.0,Shipped
1492,31,Robusta,38,2026-05-27,4461.87,169551.06,2026-07-13,2026-07-26,2026-07-13,0.0,Shipped
1493,8,Arabica,19,2026-02-01,6883.62,130788.78,2026-04-02,2026-03-27,2026-05-02,0.0,Shipped
1494,32,Robusta,19,2026-03-31,4238.93,80539.67,2026-05-16,2026-05-08,2026-06-30,13062.33,Shipped
1495,47,Arabica,38,2026-03-07,5959.23,226450.74,2026-07-02,2026-05-09,2026-07-02,0.0,Shipped
1496,7,Arabica,19,2026-02-12,6193.52,117676.88,2026-05-24,2026-03-09,2026-05-24,0.0,Shipped
1497,17,Robusta,38,2026-02-20,3852.32,146388.16,2026-05-07,2026-04-06,2026-05-07,0.0,Shipped
1498,35,Robusta,38,2026-04-12,4585.48,174248.24,2026-07-16,2026-05-03,2026-08-15,0.0,Shipped
1499,31,Robusta,38,2026-03-28,4395.87,167043.06,2026-07-08,2026-05-16,2026-07-08,0.0,Shipped
1500,34,Robusta,96,2026-04-29,4330.69,415746.24,2026-06-20,2026-05-20,2026-08-04,0.0,Shipped
1501,28,Arabica,96,2026-06-19,5525.42,530440.32,2026-08-23,2026-09-03,2026-08-23,0.0,Shipped
1502,35,Robusta,57,2026-02-22,4334.51,247067.07,2026-07-07,2026-04-20,2026-08-06,0.0,Shipped
1503,31,Arabica,19,2026-01-08,5484.7,104209.3,2026-02-08,2026-02-07,2026-02-08,14541.27,Shipped
1504,4,Arabica,38,2026-03-01,6190.87,235253.06,2026-07-23,2026-04-24,2026-07-23,30554.75,Shipped
1505,38,Robusta,57,2026-02-09,4363.02,248692.14,2026-07-04,2026-03-18,2026-08-03,47748.25,Shipped
1506,23,Arabica,57,2026-01-22,6103.58,347904.06,2026-03-23,2026-03-11,2026-04-22,0.0,Shipped
1507,3,Robusta,38,2026-06-10,4168.29,158395.02,2026-08-17,2026-07-05,2026-09-16,0.0,Shipped
1508,21,Arabica,38,2026-09-10,5692.71,216322.98,2026-11-03,2026-10-27,2026-12-18,0.0,Open
1509,22,Robusta,38,2026-06-19,4303.58,163536.04,2026-09-24,2026-07-10,2026-11-08,0.0,Shipped
1510,5,Arabica,57,2026-02-14,6355.26,362249.82,2026-04-10,2026-03-10,2026-05-10,0.0,Shipped
1511,50,Arabica,19,2026-01-27,6636.36,126090.84,2026-05-31,2026-03-20,2026-06-30,0.0,Shipped
1512,12,Arabica,57,2026-04-27,6444.52,367337.64,2026-07-12,2026-06-13,2026-07-12,0.0,Shipped
1513,17,Robusta,19,2026-02-07,4496.92,85441.48,2026-07-03,2026-03-13,2026-07-03,0.0,Shipped
1514,23,Arabica,57,2026-09-06,5647.17,321888.69,2027-01-16,2026-09-24,2027-02-15,0.0,Open
1515,42,Robusta,96,2026-03-19,4584.77,440137.92,2026-06-05,2026-04-30,2026-07-20,0.0,Shipped
1516,38,Arabica,57,2026-03-09,6247.0,356079.0,2026-06-18,2026-05-23,2026-07-18,0.0,Shipped
1517,39,Robusta,38,2026-04-29,4430.21,168347.98,2026-05-31,2026-06-29,2026-07-15,0.0,Shipped
1518,12,Robusta,96,2026-02-26,4255.78,408554.88,2026-04-05,2026-03-16,2026-04-05,0.0,Shipped
1519,43,Robusta,57,2026-05-04,4186.74,238644.18,2026-08-02,2026-07-18,2026-09-16,0.0,Shipped
1520,42,Robusta,38,2026-04-24,4720.63,179383.94,2026-07-19,2026-06-05,2026-09-02,0.0,Shipped
1521,24,Robusta,19,2026-03-31,4459.15,84723.85,2026-06-16,2026-05-22,2026-07-16,0.0,Shipped
1522,28,Arabica,19,2026-02-02,6485.57,123225.83,2026-03-14,2026-02-17,2026-03-14,0.0,Shipped
1523,2,Robusta,19,2026-07-16,4057.26,77087.94,2026-11-23,2026-08-20,2027-01-07,0.0,Open
1524,39,Arabica,19,2026-06-30,5112.77,97142.63,2026-09-16,2026-09-04,2026-10-31,0.0,Shipped
1525,49,Robusta,57,2026-05-26,4647.63,264914.91,2026-08-20,2026-07-01,2026-10-04,0.0,Shipped
1526,24,Arabica,57,2026-07-30,5682.54,323904.78,2026-10-16,2026-08-24,2026-11-15,0.0,Open
1527,28,Arabica,96,2026-06-20,5336.87,512339.52,2026-09-17,2026-07-10,2026-09-17,0.0,Shipped
1528,25,Robusta,57,2026-06-15,4326.82,246628.74,2026-09-30,2026-08-29,2026-10-30,0.0,Open
1529,5,Arabica,96,2026-06-26,5323.69,511074.24,2026-10-25,2026-09-01,2026-11-24,0.0,Open
1530,31,Arabica,57,2026-05-28,5232.19,298234.83,2026-08-31,2026-06-14,2026-08-31,0.0,Shipped
1531,37,Arabica,38,2026-04-30,6297.7,239312.6,2026-06-18,2026-07-14,2026-07-18,0.0,Shipped
1532,47,Robusta,57,2026-03-04,3988.3,227333.1,2026-07-16,2026-05-11,2026-07-16,0.0,Shipped
1533,47,Robusta,38,2026-06-30,4124.73,156739.74,2026-09-02,2026-08-07,2026-09-02,0.0,Shipped
1534,25,Arabica,38,2026-01-18,6307.94,239701.72,2026-02-18,2026-03-16,2026-03-20,0.0,Shipped
1535,48,Robusta,38,2026-05-08,4243.59,161256.42,2026-06-11,2026-06-08,2026-07-11,0.0,Shipped
1536,27,Arabica,57,2026-02-24,6623.24,377524.68,2026-06-26,2026-03-27,2026-08-10,65653.34,Shipped
1537,33,Robusta,38,2026-08-25,3942.89,149829.82,2026-11-09,2026-10-25,2026-11-09,0.0,Open
1538,31,Arabica,57,2026-08-07,5526.85,315030.45,2026-09-08,2026-09-04,2026-09-08,0.0,Shipped
1539,50,Robusta,96,2026-05-15,3960.59,380216.64,2026-09-19,2026-06-22,2026-10-19,0.0,Shipped
1540,37,Robusta,38,2026-06-11,4053.52,154033.76,2026-08-16,2026-07-19,2026-09-15,0.0,Shipped
1541,7,Arabica,38,2026-05-03,6273.56,238395.28,2026-09-27,2026-05-27,2026-09-27,0.0,Shipped
1542,4,Arabica,38,2026-08-12,5327.41,202441.58,2026-12-25,2026-10-19,2026-12-25,0.0,Open
1543,21,Arabica,96,2026-05-09,5799.09,556712.64,2026-06-13,2026-07-06,2026-07-28,0.0,Shipped
1544,26,Arabica,19,2026-03-06,6438.14,122324.66,2026-06-26,2026-05-16,2026-08-10,0.0,Shipped
1545,34,Robusta,96,2026-02-22,4403.58,422743.68,2026-06-04,2026-04-12,2026-07-19,0.0,Shipped
1546,25,Robusta,38,2026-07-16,4108.13,156108.94,2026-09-04,2026-08-11,2026-10-04,0.0,Shipped
1547,26,Robusta,96,2026-06-17,4150.84,398480.64,2026-08-27,2026-07-20,2026-10-11,0.0,Shipped
1548,47,Robusta,96,2026-04-24,4529.59,434840.64,2026-07-21,2026-05-31,2026-07-21,0.0,Shipped
1549,17,Robusta,96,2026-04-26,4458.28,427994.88,2026-06-12,2026-07-11,2026-06-12,0.0,Shipped
1550,25,Arabica,96,2026-02-03,6473.88,621492.48,2026-05-30,2026-03-05,2026-06-29,0.0,Shipped
1551,28,Robusta,19,2026-06-03,4577.17,86966.23,2026-08-05,2026-08-02,2026-08-05,0.0,Shipped
1552,24,Robusta,57,2026-03-11,4245.69,242004.33,2026-07-31,2026-04-02,2026-08-30,0.0,Shipped
1553,49,Robusta,19,2026-01-06,4702.62,89349.78,2026-05-12,2026-03-24,2026-06-26,0.0,Shipped
1554,49,Robusta,38,2026-07-01,4239.14,161087.32,2026-10-15,2026-08-27,2026-11-29,0.0,Open
1555,26,Robusta,19,2026-01-25,4595.45,87313.55,2026-03-10,2026-03-08,2026-04-24,0.0,Shipped
1556,23,Arabica,57,2026-06-21,5571.58,317580.06,2026-07-23,2026-07-28,2026-08-22,0.0,Shipped
1557,30,Robusta,57,2026-06-20,4401.38,250878.66,2026-08-06,2026-07-28,2026-08-06,0.0,Shipped
1558,10,Arabica,57,2026-03-16,6198.12,353292.84,2026-06-13,2026-04-14,2026-06-13,0.0,Shipped
1559,22,Arabica,19,2026-03-26,5845.47,111063.93,2026-07-27,2026-05-18,2026-09-10,0.0,Shipped
1560,11,Arabica,38,2026-04-17,6734.52,255911.76,2026-06-04,2026-06-27,2026-07-19,0.0,Shipped
1561,8,Arabica,57,2026-07-21,5358.28,305421.96,2026-11-12,2026-08-20,2026-12-12,0.0,Open
1562,5,Robusta,96,2026-08-31,3704.35,355617.6,2026-10-05,2026-11-02,2026-11-04,0.0,Open
1563,30,Robusta,96,2025-12-30,5097.28,489338.88,2026-03-01,2026-02-19,2026-03-01,0.0,Shipped
1564,1,Robusta,19,2026-01-09,4569.42,86818.98,2026-04-20,2026-03-15,2026-06-04,0.0,Shipped
1565,33,Arabica,38,2026-01-05,5456.04,207329.52,2026-05-14,2026-03-11,2026-05-14,0.0,Shipped
1566,22,Arabica,19,2026-04-28,6320.87,120096.53,2026-08-29,2026-05-15,2026-10-13,0.0,Shipped
1567,19,Robusta,96,2026-01-06,4352.05,417796.8,2026-04-09,2026-01-22,2026-04-09,0.0,Shipped
1568,39,Robusta,19,2026-05-09,4129.51,78460.69,2026-06-12,2026-07-22,2026-07-27,0.0,Shipped
1569,27,Arabica,96,2026-09-06,6073.51,583056.96,2026-11-10,2026-10-01,2026-12-25,90401.59,Open
1570,37,Arabica,19,2026-07-31,5771.53,109659.07,2026-12-02,2026-09-21,2027-01-01,0.0,Open
1571,36,Robusta,19,2026-07-09,4168.41,79199.79,2026-08-17,2026-09-10,2026-08-17,0.0,Shipped
1572,2,Arabica,96,2026-06-07,4903.54,470739.84,2026-09-29,2026-07-24,2026-11-13,0.0,Open
1573,11,Arabica,38,2025-12-21,5571.39,211712.82,2026-04-14,2026-01-05,2026-05-29,0.0,Shipped
1574,29,Arabica,38,2026-06-21,5489.82,208613.16,2026-10-19,2026-07-06,2026-11-18,0.0,Open
1575,49,Robusta,57,2026-03-29,4369.71,249073.47,2026-05-24,2026-05-26,2026-07-08,0.0,Shipped
1576,8,Robusta,38,2026-07-09,4273.64,162398.32,2026-09-06,2026-09-20,2026-10-06,0.0,Shipped
1577,6,Arabica,57,2026-03-20,5857.11,333855.27,2026-05-12,2026-04-26,2026-06-11,0.0,Shipped
1578,48,Robusta,38,2026-04-11,4533.04,172255.52,2026-06-27,2026-05-31,2026-07-27,0.0,Shipped
1579,49,Robusta,38,2026-08-14,3728.88,141697.44,2026-11-14,2026-10-28,2026-12-29,0.0,Open
1580,9,Robusta,38,2026-05-13,4234.05,160893.9,2026-06-26,2026-07-20,2026-08-10,0.0,Shipped
1581,21,Robusta,19,2026-08-28,3662.75,69592.25,2026-12-04,2026-10-17,2027-01-18,0.0,Open
1582,32,Arabica,38,2026-01-05,5316.74,202036.12,2026-03-04,2026-03-03,2026-04-18,0.0,Shipped
1583,10,Robusta,57,2026-03-01,4015.79,228900.03,2026-06-06,2026-05-17,2026-06-06,0.0,Shipped
1584,17,Arabica,19,2025-12-20,6028.06,114533.14,2026-02-24,2026-02-24,2026-02-24,0.0,Shipped
1585,20,Robusta,19,2026-01-09,4447.53,84503.07,2026-06-02,2026-02-20,2026-07-17,0.0,Shipped
1586,33,Robusta,57,2026-07-25,4010.65,228607.05,2026-10-01,2026-09-23,2026-10-01,0.0,Open
1587,16,Robusta,38,2026-02-28,4069.27,154632.26,2026-07-12,2026-04-05,2026-08-26,0.0,Shipped
1588,21,Arabica,19,2026-08-29,5093.88,96783.72,2026-10-19,2026-11-11,2026-12-03,0.0,Open
1589,15,Robusta,57,2025-12-14,4717.34,268888.38,2026-01-23,2026-01-04,2026-01-23,0.0,Shipped
1590,38,Robusta,96,2026-02-05,4106.12,394187.52,2026-03-29,2026-03-06,2026-04-28,0.0,Shipped
1591,8,Arabica,19,2026-03-08,6239.63,118552.97,2026-05-27,2026-04-14,2026-06-26,0.0,Shipped
1592,12,Robusta,19,2025-12-04,4525.1,85976.9,2026-04-21,2026-01-01,2026-04-21,0.0,Shipped
1593,13,Robusta,38,2026-01-17,4604.81,174982.78,2026-03-09,2026-03-11,2026-04-23,0.0,Shipped
1594,46,Robusta,57,2026-01-12,4422.65,252091.05,2026-05-16,2026-03-14,2026-06-15,0.0,Shipped
1595,48,Arabica,19,2026-08-29,5086.23,96638.37,2026-12-20,2026-11-09,2027-01-19,0.0,Open
1596,26,Robusta,96,2026-09-21,3688.83,354127.68,2026-12-01,2026-11-07,2027-01-15,0.0,Open
1597,8,Robusta,38,2025-12-14,4485.41,170445.58,2026-02-22,2026-02-07,2026-03-24,0.0,Shipped
1598,38,Robusta,19,2026-07-15,4065.52,77244.88,2026-12-05,2026-09-06,2027-01-04,0.0,Open
1599,25,Robusta,96,2026-05-24,4611.33,442687.68,2026-09-16,2026-06-08,2026-10-16,0.0,Shipped
1600,43,Robusta,19,2026-09-15,3510.75,66704.25,2026-11-12,2026-11-15,2026-12-27,0.0,Open
1601,18,Robusta,19,2026-03-26,4322.89,82134.91,2026-08-12,2026-04-11,2026-09-11,0.0,Shipped
1602,50,Robusta,96,2026-01-25,4673.38,448644.48,2026-04-13,2026-03-16,2026-05-13,65710.08,Shipped
1603,41,Robusta,57,2026-01-19,4705.93,268238.01,2026-02-27,2026-04-08,2026-04-13,0.0,Shipped
1604,12,Arabica,38,2026-04-07,6212.73,236083.74,2026-08-12,2026-06-12,2026-08-12,0.0,Shipped
1605,37,Robusta,57,2026-03-14,4578.21,260957.97,2026-07-26,2026-04-30,2026-08-25,0.0,Shipped
1606,15,Robusta,57,2026-04-27,4311.0,245727.0,2026-07-19,2026-06-01,2026-07-19,39327.74,Shipped
1607,18,Arabica,57,2026-05-18,5866.67,334400.19,2026-09-09,2026-07-26,2026-10-09,66206.36,Shipped
1608,13,Arabica,19,2026-04-15,6333.07,120328.33,2026-06-12,2026-06-24,2026-07-27,0.0,Shipped
1609,35,Arabica,57,2025-12-22,5030.72,286751.04,2026-05-03,2026-01-29,2026-06-02,0.0,Shipped
1610,14,Robusta,38,2026-07-15,4209.19,159949.22,2026-09-27,2026-08-05,2026-10-27,0.0,Shipped
1611,32,Robusta,96,2026-05-10,4261.3,409084.8,2026-07-11,2026-07-01,2026-08-25,0.0,Shipped
1612,30,Robusta,57,2026-04-01,4344.57,247640.49,2026-06-30,2026-05-27,2026-06-30,0.0,Shipped
1613,38,Robusta,19,2026-04-10,4452.79,84603.01,2026-06-11,2026-06-24,2026-07-11,0.0,Shipped
1614,50,Robusta,96,2026-09-19,3926.22,376917.12,2027-01-01,2026-11-30,2027-01-31,0.0,Open
1615,1,Robusta,38,2026-07-04,4121.94,156633.72,2026-10-31,2026-08-02,2026-12-15,23886.16,Open
1616,50,Robusta,38,2026-03-19,4575.05,173851.9,2026-06-05,2026-04-19,2026-07-05,0.0,Shipped
1617,6,Arabica,96,2026-03-04,6509.96,624956.16,2026-07-06,2026-05-22,2026-08-05,0.0,Shipped
1618,27,Robusta,96,2026-02-20,4417.94,424122.24,2026-05-12,2026-03-28,2026-06-26,0.0,Shipped
1619,18,Robusta,96,2025-12-05,4502.07,432198.72,2026-04-30,2026-01-18,2026-05-30,79876.48,Shipped
1620,32,Arabica,57,2026-03-11,6230.95,355164.15,2026-05-11,2026-04-14,2026-06-25,70762.74,Shipped
1621,37,Arabica,96,2026-04-08,6228.41,597927.36,2026-07-31,2026-05-18,2026-08-30,0.0,Shipped
1622,43,Robusta,19,2026-06-21,4581.07,87040.33,2026-09-23,2026-08-11,2026-11-07,0.0,Shipped
1623,21,Robusta,57,2026-06-09,4267.7,243258.9,2026-10-30,2026-07-13,2026-12-14,0.0,Open
1624,47,Robusta,38,2026-01-24,4667.82,177377.16,2026-03-21,2026-03-06,2026-03-21,0.0,Shipped
1625,17,Robusta,38,2026-05-11,4595.48,174628.24,2026-07-03,2026-06-17,2026-07-03,0.0,Shipped
1626,11,Arabica,19,2026-02-26,6665.68,126647.92,2026-07-10,2026-03-20,2026-08-24,0.0,Shipped
1627,19,Robusta,19,2026-08-22,3617.1,68724.9,2027-01-07,2026-10-27,2027-01-07,0.0,Open
1628,27,Robusta,38,2026-08-21,3710.12,140984.56,2026-12-18,2026-11-01,2027-02-01,0.0,Open
1629,34,Robusta,96,2026-07-26,3943.36,378562.56,2026-10-20,2026-09-10,2026-12-04,0.0,Open
1630,42,Robusta,57,2026-08-01,3894.88,222008.16,2026-10-19,2026-08-29,2026-12-03,0.0,Open
1631,12,Robusta,38,2026-03-30,4236.76,160996.88,2026-07-17,2026-05-25,2026-07-17,0.0,Shipped
1632,16,Robusta,38,2026-03-21,4311.25,163827.5,2026-07-18,2026-05-09,2026-09-01,0.0,Shipped
1633,47,Arabica,57,2026-04-14,6352.12,362070.84,2026-06-16,2026-06-03,2026-06-16,0.0,Shipped
1634,22,Arabica,19,2026-07-04,6001.36,114025.84,2026-08-03,2026-08-26,2026-09-17,0.0,Shipped
1635,13,Robusta,57,2026-04-08,4481.84,255464.88,2026-05-16,2026-06-08,2026-06-30,0.0,Shipped
1636,50,Robusta,57,2026-08-24,3722.03,212155.71,2026-11-03,2026-09-10,2026-12-03,0.0,Open
1637,23,Arabica,19,2026-05-10,5980.94,113637.86,2026-08-29,2026-05-31,2026-09-28,0.0,Shipped
1638,50,Robusta,57,2026-08-13,4019.48,229110.36,2026-11-03,2026-09-03,2026-12-03,0.0,Open
1639,46,Robusta,57,2026-09-05,3766.52,214691.64,2026-12-18,2026-09-30,2027-01-17,0.0,Open
1640,46,Arabica,57,2026-08-10,5692.75,324486.75,2026-11-04,2026-10-27,2026-12-04,0.0,Open
1641,30,Robusta,38,2026-08-26,3808.34,144716.92,2026-10-25,2026-10-27,2026-10-25,0.0,Open
1642,40,Robusta,57,2026-05-08,4301.67,245195.19,2026-09-04,2026-07-05,2026-10-04,0.0,Shipped
1643,49,Robusta,96,2026-04-18,4676.7,448963.2,2026-08-12,2026-06-17,2026-09-26,0.0,Shipped
1644,14,Robusta,19,2026-03-30,4309.49,81880.31,2026-08-22,2026-04-16,2026-09-21,0.0,Shipped
1645,2,Robusta,57,2026-05-20,4334.02,247039.14,2026-09-26,2026-06-17,2026-11-10,0.0,Shipped
1646,17,Arabica,57,2026-08-07,5779.26,329417.82,2026-10-21,2026-10-12,2026-10-21,0.0,Open
1647,32,Robusta,38,2026-09-22,3648.9,138658.2,2027-01-14,2026-11-06,2027-02-28,0.0,Open
1648,28,Robusta,38,2026-02-27,4165.0,158270.0,2026-05-10,2026-04-16,2026-05-10,0.0,Shipped
1649,5,Arabica,96,2025-12-08,5703.06,547493.76,2026-04-21,2026-02-09,2026-05-21,0.0,Shipped
1650,29,Robusta,38,2026-07-06,4139.59,157304.42,2026-10-17,2026-07-25,2026-11-16,0.0,Open
1651,9,Robusta,57,2026-07-29,4004.24,228241.68,2026-12-06,2026-10-03,2027-01-20,0.0,Open
1652,26,Robusta,19,2026-06-27,4113.11,78149.09,2026-08-29,2026-08-25,2026-10-13,0.0,Shipped
1653,29,Arabica,96,2026-07-26,5413.39,519685.44,2026-08-26,2026-09-05,2026-09-25,0.0,Shipped
1654,32,Robusta,57,2026-07-23,3837.7,218748.9,2026-09-07,2026-09-08,2026-10-22,0.0,Shipped
1655,21,Arabica,96,2026-05-03,6013.24,577271.04,2026-08-04,2026-05-22,2026-09-18,0.0,Shipped
1656,21,Arabica,57,2026-02-05,6639.57,378455.49,2026-06-30,2026-03-05,2026-08-14,0.0,Shipped
1657,34,Arabica,38,2026-02-27,6839.34,259894.92,2026-06-12,2026-03-30,2026-07-27,33119.79,Shipped
1658,38,Arabica,38,2025-12-15,5714.39,217146.82,2026-04-21,2026-02-25,2026-05-21,0.0,Shipped
1659,41,Arabica,57,2026-06-13,4828.13,275203.41,2026-09-07,2026-07-05,2026-10-22,0.0,Shipped
1660,17,Arabica,96,2026-05-04,6314.81,606221.76,2026-09-26,2026-06-06,2026-09-26,98316.69,Shipped
1661,22,Arabica,19,2026-06-06,5317.9,101040.1,2026-10-26,2026-06-29,2026-12-10,0.0,Open
1662,17,Arabica,96,2026-09-16,6069.93,582713.28,2026-11-11,2026-10-19,2026-11-11,0.0,Open
1663,27,Arabica,96,2026-06-04,5298.41,508647.36,2026-10-15,2026-06-19,2026-11-29,67978.52,Open
1664,7,Arabica,19,2026-07-12,5902.8,112153.2,2026-08-13,2026-08-13,2026-08-13,0.0,Shipped
1665,22,Robusta,19,2026-05-08,4203.95,79875.05,2026-08-17,2026-07-09,2026-10-01,0.0,Shipped
1666,10,Arabica,57,2026-08-12,5583.5,318259.5,2026-11-02,2026-10-15,2026-11-02,0.0,Open
1667,27,Robusta,96,2026-02-18,4474.88,429588.48,2026-04-25,2026-03-29,2026-06-09,0.0,Shipped
1668,43,Arabica,38,2026-01-19,6057.4,230181.2,2026-06-10,2026-03-20,2026-07-25,0.0,Shipped
1669,50,Robusta,57,2025-12-14,4737.91,270060.87,2026-04-02,2026-02-07,2026-05-02,0.0,Shipped
1670,23,Arabica,96,2026-09-03,5965.25,572664.0,2026-10-19,2026-11-15,2026-11-18,78404.39,Open
1671,3,Arabica,38,2026-08-24,5585.87,212263.06,2026-10-09,2026-10-30,2026-11-08,30441.59,Open
1672,12,Arabica,19,2025-12-13,5274.61,100217.59,2026-01-26,2026-01-11,2026-01-26,0.0,Shipped
1673,6,Robusta,96,2026-01-17,4726.38,453732.48,2026-03-24,2026-03-11,2026-04-23,0.0,Shipped
1674,38,Arabica,38,2026-04-05,6109.34,232154.92,2026-05-13,2026-06-10,2026-06-12,0.0,Shipped
1675,50,Arabica,38,2026-06-24,5449.77,207091.26,2026-08-24,2026-07-28,2026-09-23,28990.88,Shipped
1676,28,Arabica,38,2026-04-26,6147.17,233592.46,2026-08-25,2026-06-17,2026-08-25,0.0,Shipped
1677,9,Arabica,57,2026-04-21,6376.98,363487.86,2026-09-02,2026-06-01,2026-10-17,0.0,Shipped
1678,2,Robusta,38,2026-01-17,4844.34,184084.92,2026-05-21,2026-02-21,2026-07-05,0.0,Shipped
1679,49,Robusta,57,2026-04-23,4504.4,256750.8,2026-07-21,2026-05-20,2026-09-04,0.0,Shipped
1680,16,Robusta,57,2026-09-20,3880.86,221209.02,2027-01-11,2026-10-07,2027-02-25,37675.87,Open
1681,6,Arabica,19,2026-03-03,6470.73,122943.87,2026-07-24,2026-05-05,2026-08-23,0.0,Shipped
1682,9,Robusta,38,2026-02-07,4412.88,167689.44,2026-03-15,2026-04-16,2026-04-29,0.0,Shipped
1683,13,Arabica,19,2026-07-01,5464.75,103830.25,2026-11-16,2026-08-27,2026-12-31,0.0,Open
1684,33,Arabica,19,2026-08-25,5309.3,100876.7,2026-12-19,2026-09-24,2026-12-19,0.0,Open
1685,45,Robusta,96,2026-08-17,3870.36,371554.56,2026-11-01,2026-09-02,2026-11-01,0.0,Open
1686,14,Robusta,57,2026-01-19,4425.55,252256.35,2026-04-12,2026-03-16,2026-05-12,0.0,Shipped
1687,35,Robusta,57,2026-05-17,4338.2,247277.4,2026-08-07,2026-06-13,2026-09-06,0.0,Shipped
1688,4,Arabica,96,2026-04-23,6568.82,630606.72,2026-06-10,2026-06-12,2026-06-10,0.0,Shipped
1689,1,Robusta,57,2025-12-14,4623.47,263537.79,2026-02-09,2026-03-02,2026-03-26,0.0,Shipped
1690,3,Robusta,96,2026-09-10,3552.88,341076.48,2026-11-14,2026-09-25,2026-12-14,0.0,Open
1691,47,Arabica,57,2026-07-29,5775.2,329186.4,2026-08-28,2026-09-19,2026-08-28,0.0,Shipped
1692,30,Robusta,38,2026-01-22,4625.47,175767.86,2026-04-22,2026-04-11,2026-04-22,0.0,Shipped
1693,41,Arabica,57,2026-04-19,6621.22,377409.54,2026-07-15,2026-05-25,2026-08-29,0.0,Shipped
1694,2,Robusta,38,2026-09-20,3835.9,145764.2,2026-11-28,2026-11-26,2027-01-12,0.0,Open
1695,2,Robusta,96,2026-03-02,4196.08,402823.68,2026-04-22,2026-05-09,2026-06-06,0.0,Shipped
1696,43,Robusta,19,2026-08-18,3673.26,69791.94,2027-01-11,2026-10-03,2027-02-25,0.0,Open
1697,6,Robusta,96,2026-02-06,4711.75,452328.0,2026-05-28,2026-03-12,2026-06-27,0.0,Shipped
1698,8,Robusta,96,2026-02-01,4257.99,408767.04,2026-04-28,2026-04-01,2026-05-28,0.0,Shipped
1699,26,Arabica,19,2026-01-24,6371.67,121061.73,2026-05-20,2026-03-20,2026-07-04,0.0,Shipped
1700,31,Robusta,57,2026-05-12,4191.05,238889.85,2026-07-25,2026-06-26,2026-07-25,0.0,Shipped
1701,12,Robusta,96,2026-07-10,4254.57,408438.72,2026-09-03,2026-08-06,2026-09-03,0.0,Shipped
1702,23,Robusta,57,2026-01-07,4534.42,258461.94,2026-04-27,2026-03-11,2026-05-27,0.0,Shipped
1703,34,Robusta,38,2026-04-14,4292.36,163109.68,2026-08-14,2026-05-12,2026-09-28,0.0,Shipped
1704,23,Arabica,96,2026-03-22,5657.56,543125.76,2026-07-08,2026-04-14,2026-08-07,0.0,Shipped
1705,20,Robusta,57,2026-08-19,3979.12,226809.84,2026-11-24,2026-09-07,2027-01-08,0.0,Open
1706,4,Arabica,19,2026-03-25,5988.46,113780.74,2026-04-24,2026-05-08,2026-04-24,0.0,Shipped
1707,23,Robusta,19,2026-04-07,4396.25,83528.75,2026-07-22,2026-04-29,2026-08-21,0.0,Shipped
1708,41,Robusta,57,2026-07-03,4386.02,250003.14,2026-10-15,2026-08-08,2026-11-29,0.0,Open
1709,32,Robusta,38,2026-02-10,4412.56,167677.28,2026-04-30,2026-03-12,2026-06-14,0.0,Shipped
1710,45,Robusta,19,2026-08-19,3796.2,72127.8,2026-10-17,2026-10-02,2026-10-17,0.0,Open
1711,7,Arabica,96,2026-02-25,6468.08,620935.68,2026-07-22,2026-05-01,2026-07-22,0.0,Shipped
1712,1,Robusta,19,2025-12-14,4633.82,88042.58,2026-02-27,2026-01-27,2026-04-13,0.0,Shipped
1713,28,Robusta,19,2026-04-11,4441.98,84397.62,2026-06-12,2026-06-01,2026-06-12,10655.37,Shipped
1714,9,Arabica,38,2026-08-28,5420.28,205970.64,2026-12-20,2026-09-21,2027-02-03,0.0,Open
1715,30,Arabica,19,2026-04-16,6719.64,127673.16,2026-07-12,2026-05-08,2026-07-12,0.0,Shipped
1716,46,Arabica,38,2026-04-23,6067.94,230581.72,2026-07-28,2026-07-10,2026-08-27,0.0,Shipped
1717,17,Arabica,96,2026-04-16,6620.2,635539.2,2026-08-01,2026-06-10,2026-08-01,0.0,Shipped
1718,28,Arabica,96,2026-07-09,5723.58,549463.68,2026-09-21,2026-07-25,2026-09-21,0.0,Shipped
1719,35,Arabica,96,2026-03-25,6022.81,578189.76,2026-05-12,2026-05-15,2026-06-11,0.0,Shipped
1720,8,Arabica,38,2026-07-11,5539.42,210497.96,2026-08-30,2026-07-26,2026-09-29,0.0,Shipped
1721,45,Robusta,19,2026-04-14,4449.46,84539.74,2026-09-03,2026-05-04,2026-09-03,0.0,Shipped
1722,11,Arabica,96,2026-04-03,5964.63,572604.48,2026-07-02,2026-05-12,2026-08-16,0.0,Shipped
1723,41,Robusta,38,2026-03-19,4648.13,176628.94,2026-06-07,2026-05-15,2026-07-22,0.0,Shipped
1724,33,Arabica,57,2026-02-01,6341.13,361444.41,2026-04-10,2026-03-28,2026-04-10,36470.94,Shipped
1725,8,Arabica,19,2026-01-07,6179.71,117414.49,2026-05-03,2026-03-14,2026-06-02,0.0,Shipped
1726,37,Robusta,57,2026-02-07,4558.0,259806.0,2026-06-26,2026-03-05,2026-07-26,0.0,Shipped
1727,10,Arabica,57,2026-02-02,6264.28,357063.96,2026-06-04,2026-03-01,2026-06-04,0.0,Shipped
1728,30,Arabica,96,2026-01-11,5990.55,575092.8,2026-04-15,2026-03-01,2026-04-15,0.0,Shipped
1729,48,Robusta,19,2026-07-18,3962.58,75289.02,2026-10-13,2026-09-27,2026-11-12,0.0,Open
1730,48,Robusta,38,2026-07-03,4321.08,164201.04,2026-11-13,2026-09-02,2026-12-13,0.0,Open
1731,44,Arabica,96,2026-04-22,6261.12,601067.52,2026-09-01,2026-06-19,2026-10-01,0.0,Shipped
1732,25,Arabica,38,2026-05-12,5719.31,217333.78,2026-07-27,2026-06-02,2026-08-26,0.0,Shipped
1733,28,Robusta,57,2026-03-02,4274.89,243668.73,2026-07-25,2026-05-13,2026-07-25,0.0,Shipped
1734,16,Robusta,19,2026-09-26,3905.36,74201.84,2027-02-02,2026-12-13,2027-03-19,11192.99,Open
1735,47,Arabica,57,2026-08-18,5063.52,288620.64,2026-12-27,2026-10-09,2026-12-27,0.0,Open
1736,24,Robusta,38,2026-02-16,4509.28,171352.64,2026-03-24,2026-03-24,2026-04-23,0.0,Shipped
1737,39,Robusta,57,2026-01-25,4631.74,264009.18,2026-03-11,2026-03-24,2026-04-25,0.0,Shipped
1738,18,Robusta,96,2026-06-30,3904.44,374826.24,2026-09-03,2026-08-25,2026-10-03,0.0,Shipped
1739,38,Robusta,57,2026-06-27,3782.88,215624.16,2026-10-26,2026-09-10,2026-11-25,0.0,Open
1740,12,Robusta,38,2026-04-13,4334.82,164723.16,2026-05-22,2026-05-05,2026-05-22,0.0,Shipped
1741,37,Arabica,19,2026-05-08,5871.16,111552.04,2026-06-16,2026-06-25,2026-07-16,0.0,Shipped
1742,3,Arabica,38,2026-08-09,5589.18,212388.84,2026-09-11,2026-10-09,2026-10-11,0.0,Shipped
1743,6,Arabica,96,2026-05-01,6313.73,606118.08,2026-06-23,2026-06-07,2026-07-23,0.0,Shipped
1744,18,Robusta,19,2026-01-26,4466.51,84863.69,2026-06-15,2026-04-05,2026-07-15,10564.95,Shipped
1745,25,Robusta,57,2026-02-22,4077.44,232414.08,2026-06-18,2026-03-13,2026-07-18,0.0,Shipped
1746,36,Robusta,38,2026-01-26,4485.09,170433.42,2026-05-22,2026-02-16,2026-05-22,0.0,Shipped
1747,18,Robusta,38,2026-03-19,4522.56,171857.28,2026-05-23,2026-05-24,2026-06-22,0.0,Shipped
1748,1,Robusta,57,2026-01-08,4512.03,257185.71,2026-04-23,2026-01-31,2026-06-07,0.0,Shipped
1749,17,Robusta,38,2026-07-16,4081.27,155088.26,2026-11-16,2026-08-27,2026-11-16,0.0,Open
1750,22,Robusta,38,2026-09-15,3741.93,142193.34,2026-12-17,2026-10-18,2027-01-31,0.0,Open
1751,28,Robusta,57,2026-08-25,3742.13,213301.41,2027-01-04,2026-10-23,2027-01-04,0.0,Open
1752,33,Arabica,96,2025-12-05,5560.24,533783.04,2026-03-13,2025-12-20,2026-03-13,0.0,Shipped
1753,13,Arabica,96,2026-03-20,5798.38,556644.48,2026-05-27,2026-04-27,2026-07-11,0.0,Shipped
1754,31,Arabica,57,2026-07-16,6269.56,357364.92,2026-10-30,2026-10-03,2026-10-30,0.0,Open
1755,32,Arabica,57,2026-01-15,6200.9,353451.3,2026-06-07,2026-02-22,2026-07-22,0.0,Shipped
1756,39,Robusta,96,2026-06-28,4086.99,392351.04,2026-11-04,2026-08-20,2026-12-19,0.0,Open
1757,27,Robusta,38,2026-04-02,4435.3,168541.4,2026-06-30,2026-06-20,2026-08-14,0.0,Shipped
1758,41,Robusta,38,2026-07-16,4448.95,169060.1,2026-10-25,2026-09-08,2026-12-09,0.0,Open
1759,12,Robusta,38,2026-08-31,3799.55,144382.9,2027-01-25,2026-11-03,2027-01-25,0.0,Open
1760,36,Robusta,57,2026-07-10,4261.21,242888.97,2026-11-06,2026-09-25,2026-11-06,0.0,Open
1761,3,Robusta,57,2026-07-22,4196.84,239219.88,2026-10-20,2026-09-15,2026-11-19,0.0,Open
1762,6,Robusta,19,2026-04-16,4396.92,83541.48,2026-06-18,2026-06-24,2026-07-18,0.0,Shipped
1763,44,Robusta,96,2026-09-22,3704.93,355673.28,2027-02-07,2026-11-09,2027-03-09,0.0,Open
1764,24,Arabica,38,2026-07-19,5661.94,215153.72,2026-12-13,2026-09-24,2027-01-12,0.0,Open
1765,32,Arabica,96,2026-04-11,6583.2,631987.2,2026-05-19,2026-06-06,2026-07-03,85879.46,Shipped
1766,31,Arabica,57,2026-06-02,5097.22,290541.54,2026-07-05,2026-07-09,2026-07-05,0.0,Shipped
1767,35,Arabica,96,2026-03-22,5705.34,547712.64,2026-05-04,2026-05-12,2026-06-03,0.0,Shipped
1768,13,Robusta,57,2026-03-16,4383.57,249863.49,2026-05-31,2026-04-21,2026-07-15,47381.52,Shipped
1769,9,Robusta,57,2025-12-13,4468.81,254722.17,2026-01-31,2026-01-22,2026-03-17,0.0,Shipped
1770,3,Arabica,19,2026-01-21,6192.5,117657.5,2026-06-05,2026-02-23,2026-07-05,0.0,Shipped
1771,44,Robusta,38,2026-07-22,4055.73,154117.74,2026-12-08,2026-09-06,2027-01-07,0.0,Open
1772,12,Robusta,96,2026-03-05,3945.57,378774.72,2026-04-25,2026-04-11,2026-04-25,48164.24,Shipped
1773,29,Robusta,38,2026-03-24,4106.49,156046.62,2026-07-31,2026-05-18,2026-08-30,27786.09,Shipped
1774,23,Arabica,19,2026-04-03,5776.23,109748.37,2026-05-19,2026-05-12,2026-06-18,0.0,Shipped
1775,9,Arabica,19,2026-02-01,6395.91,121522.29,2026-06-05,2026-03-19,2026-07-20,0.0,Shipped
1776,21,Robusta,57,2026-08-15,3968.29,226192.53,2026-10-27,2026-09-08,2026-12-11,0.0,Open
1777,5,Arabica,57,2026-06-08,5336.65,304189.05,2026-07-12,2026-07-18,2026-08-11,0.0,Shipped
1778,9,Robusta,96,2026-01-27,4365.64,419101.44,2026-04-18,2026-03-06,2026-06-02,0.0,Shipped
1779,7,Robusta,96,2026-01-04,4675.31,448829.76,2026-05-12,2026-03-22,2026-05-12,0.0,Shipped
1780,42,Robusta,57,2026-09-17,3712.61,211618.77,2027-02-06,2026-10-31,2027-03-23,0.0,Open
1781,29,Robusta,57,2026-05-10,4063.23,231604.11,2026-06-23,2026-05-26,2026-07-23,0.0,Shipped
1782,47,Arabica,96,2026-07-11,5994.41,575463.36,2026-11-18,2026-08-15,2026-11-18,0.0,Open
1783,22,Robusta,19,2026-08-09,4006.73,76127.87,2026-10-13,2026-10-10,2026-11-27,0.0,Open
1784,11,Arabica,57,2026-09-11,6050.27,344865.39,2026-12-05,2026-10-06,2027-01-19,39788.62,Open
1785,31,Robusta,38,2026-04-20,4494.23,170780.74,2026-06-02,2026-05-15,2026-06-02,0.0,Shipped
1786,47,Arabica,96,2026-03-12,6476.22,621717.12,2026-08-05,2026-04-20,2026-08-05,0.0,Shipped
1787,27,Arabica,96,2026-04-22,6425.2,616819.2,2026-08-24,2026-05-30,2026-10-08,0.0,Shipped
1788,1,Arabica,57,2026-06-10,5324.17,303477.69,2026-09-25,2026-07-26,2026-11-09,0.0,Shipped
1789,16,Arabica,57,2026-02-09,6396.52,364601.64,2026-06-06,2026-02-26,2026-07-21,42684.16,Shipped
1790,47,Arabica,57,2026-03-17,5859.41,333986.37,2026-07-29,2026-05-17,2026-07-29,0.0,Shipped
1791,26,Robusta,57,2025-12-30,4559.55,259894.35,2026-02-15,2026-01-27,2026-04-01,0.0,Shipped
1792,48,Arabica,19,2026-06-16,5300.89,100716.91,2026-08-14,2026-08-16,2026-09-13,0.0,Shipped
1793,26,Arabica,38,2026-07-19,5904.6,224374.8,2026-08-22,2026-09-08,2026-10-06,0.0,Shipped
1794,1,Robusta,57,2026-05-15,4206.77,239785.89,2026-08-11,2026-06-12,2026-09-25,0.0,Shipped
1795,44,Robusta,57,2026-04-29,4687.04,267161.28,2026-07-27,2026-06-13,2026-08-26,0.0,Shipped
1796,39,Robusta,19,2026-05-14,4144.73,78749.87,2026-06-16,2026-05-31,2026-07-31,0.0,Shipped
1797,36,Robusta,96,2026-01-22,4548.24,436631.04,2026-05-11,2026-03-23,2026-05-11,0.0,Shipped
1798,49,Robusta,96,2026-09-15,3544.5,340272.0,2026-10-16,2026-10-19,2026-11-30,0.0,Open
1799,10,Robusta,57,2026-04-23,4559.1,259868.7,2026-08-26,2026-06-01,2026-08-26,0.0,Shipped
1800,46,Arabica,19,2026-05-22,5530.25,105074.75,2026-09-13,2026-06-16,2026-10-13,0.0,Shipped
1801,12,Robusta,96,2026-07-27,4180.5,401328.0,2026-12-01,2026-09-03,2026-12-01,0.0,Open
1802,49,Arabica,19,2026-03-20,5770.37,109637.03,2026-05-03,2026-04-29,2026-06-17,0.0,Shipped
1803,10,Robusta,38,2026-01-31,4182.07,158918.66,2026-06-14,2026-03-01,2026-06-14,0.0,Shipped
1804,28,Arabica,96,2026-04-18,6458.51,620016.96,2026-07-22,2026-07-05,2026-07-22,0.0,Shipped
1805,40,Robusta,57,2026-09-03,3919.55,223414.35,2027-01-14,2026-10-06,2027-02-13,0.0,Open
1806,4,Robusta,19,2026-09-06,3981.2,75642.8,2026-12-28,2026-10-02,2026-12-28,0.0,Open
1807,4,Robusta,19,2026-05-25,4473.73,85000.87,2026-09-10,2026-07-14,2026-09-10,0.0,Shipped
1808,43,Arabica,38,2026-03-12,5992.94,227731.72,2026-04-14,2026-04-16,2026-05-29,0.0,Shipped
1809,4,Robusta,57,2026-06-26,3997.67,227867.19,2026-10-17,2026-08-09,2026-10-17,0.0,Open
1810,31,Arabica,57,2026-06-28,5511.72,314168.04,2026-09-19,2026-08-29,2026-09-19,0.0,Shipped
1811,47,Robusta,19,2026-01-13,4603.33,87463.27,2026-05-24,2026-02-02,2026-05-24,0.0,Shipped
1812,31,Robusta,19,2026-09-24,3463.1,65798.9,2027-01-14,2026-11-11,2027-01-14,0.0,Open
1813,25,Robusta,57,2026-09-05,3699.62,210878.34,2026-10-13,2026-09-21,2026-11-12,0.0,Open
1814,21,Arabica,19,2026-08-13,5909.33,112277.27,2026-12-27,2026-08-30,2027-02-10,0.0,Open
1815,32,Robusta,19,2025-12-07,4483.62,85188.78,2026-01-13,2025-12-28,2026-02-27,0.0,Shipped
1816,29,Robusta,38,2026-05-02,4370.77,166089.26,2026-07-06,2026-05-27,2026-08-05,0.0,Shipped
1817,26,Robusta,57,2026-08-12,4018.97,229081.29,2026-10-07,2026-09-18,2026-11-21,0.0,Open
1818,8,Robusta,19,2026-06-27,4022.02,76418.38,2026-11-20,2026-09-10,2026-12-20,0.0,Open
1819,34,Robusta,19,2025-12-12,4474.76,85020.44,2026-01-29,2026-02-23,2026-03-15,0.0,Shipped
1820,37,Arabica,19,2026-03-04,6371.17,121052.23,2026-07-13,2026-03-25,2026-08-12,0.0,Shipped
1821,36,Robusta,38,2026-07-23,3898.58,148146.04,2026-09-17,2026-10-10,2026-09-17,0.0,Shipped
1822,4,Robusta,19,2026-07-18,3888.59,73883.21,2026-11-03,2026-09-12,2026-11-03,0.0,Open
1823,36,Arabica,19,2026-09-06,6170.16,117233.04,2026-10-16,2026-10-26,2026-10-16,0.0,Open
1824,37,Robusta,38,2026-02-09,4264.27,162042.26,2026-04-27,2026-04-16,2026-05-27,0.0,Shipped
1825,10,Robusta,19,2026-08-18,3929.51,74660.69,2026-11-30,2026-10-03,2026-11-30,0.0,Open
1826,43,Arabica,38,2026-07-05,5677.28,215736.64,2026-10-28,2026-08-06,2026-12-12,0.0,Open
1827,27,Arabica,57,2026-06-16,5345.22,304677.54,2026-10-28,2026-08-04,2026-12-12,0.0,Open
1828,24,Arabica,19,2026-03-26,5909.58,112282.02,2026-07-31,2026-05-27,2026-08-30,0.0,Shipped
1829,37,Robusta,57,2026-03-31,4197.2,239240.4,2026-07-01,2026-05-29,2026-07-31,0.0,Shipped
1830,26,Arabica,57,2026-02-01,6457.6,368083.2,2026-04-08,2026-02-27,2026-05-23,0.0,Shipped
1831,28,Robusta,57,2026-07-01,3926.45,223807.65,2026-08-31,2026-09-14,2026-08-31,0.0,Shipped
1832,16,Arabica,57,2026-06-05,5324.01,303468.57,2026-11-01,2026-07-08,2026-12-16,0.0,Open
1833,47,Arabica,96,2026-06-04,4908.12,471179.52,2026-09-14,2026-08-11,2026-09-14,0.0,Shipped
1834,49,Arabica,19,2026-09-14,5923.25,112541.75,2027-01-31,2026-10-19,2027-03-17,0.0,Open
1835,7,Robusta,19,2026-02-19,4404.7,83689.3,2026-05-12,2026-03-10,2026-05-12,0.0,Shipped
1836,37,Robusta,38,2026-04-21,4688.71,178170.98,2026-07-18,2026-07-09,2026-08-17,0.0,Shipped
1837,2,Arabica,57,2026-05-09,5628.37,320817.09,2026-09-15,2026-07-01,2026-10-30,0.0,Shipped
1838,19,Robusta,96,2025-12-04,4373.48,419854.08,2026-03-30,2026-01-01,2026-03-30,0.0,Shipped
1839,49,Robusta,96,2026-08-06,3826.78,367370.88,2026-09-29,2026-08-21,2026-11-13,0.0,Open
1840,9,Arabica,57,2025-12-12,5569.45,317458.65,2026-03-14,2026-01-04,2026-04-28,0.0,Shipped
1841,19,Arabica,38,2026-03-08,5958.44,226420.72,2026-05-02,2026-04-03,2026-05-02,0.0,Shipped
1842,11,Robusta,38,2026-07-24,3971.55,150918.9,2026-11-22,2026-10-07,2027-01-06,0.0,Open
1843,37,Robusta,19,2026-03-09,4271.11,81151.09,2026-04-11,2026-04-04,2026-05-11,0.0,Shipped
1844,24,Robusta,38,2026-02-14,4345.21,165117.98,2026-06-23,2026-03-11,2026-07-23,0.0,Shipped
1845,30,Robusta,57,2026-06-12,4250.54,242280.78,2026-10-31,2026-08-20,2026-10-31,0.0,Open
1846,48,Robusta,19,2026-06-17,4260.95,80958.05,2026-07-19,2026-08-28,2026-08-18,0.0,Shipped
1847,27,Arabica,96,2026-01-21,5996.13,575628.48,2026-05-06,2026-02-18,2026-06-20,109407.03,Shipped
1848,37,Arabica,96,2026-08-11,5246.31,503645.76,2026-09-19,2026-10-07,2026-10-19,0.0,Shipped
1849,5,Robusta,38,2026-09-24,3706.72,140855.36,2026-12-06,2026-11-12,2027-01-05,0.0,Open
1850,11,Robusta,96,2026-03-13,4335.86,416242.56,2026-05-22,2026-05-04,2026-07-06,0.0,Shipped
1851,48,Arabica,19,2025-12-31,5542.53,105308.07,2026-04-02,2026-02-04,2026-05-02,0.0,Shipped
1852,43,Arabica,96,2026-05-01,6285.09,603368.64,2026-09-18,2026-07-03,2026-11-02,0.0,Shipped
1853,33,Arabica,96,2026-08-19,5687.43,545993.28,2026-11-12,2026-10-30,2026-11-12,0.0,Open
1854,19,Robusta,19,2026-04-20,4572.55,86878.45,2026-07-06,2026-06-21,2026-07-06,0.0,Shipped
1855,10,Arabica,57,2026-07-15,6205.49,353712.93,2026-08-25,2026-09-26,2026-08-25,0.0,Shipped
1856,43,Robusta,38,2026-01-23,4411.88,167651.44,2026-06-08,2026-02-14,2026-07-23,0.0,Shipped
1857,40,Robusta,96,2026-03-29,4341.3,416764.8,2026-06-04,2026-05-25,2026-07-04,0.0,Shipped
1858,13,Arabica,19,2026-06-20,5449.1,103532.9,2026-09-13,2026-09-07,2026-10-28,0.0,Shipped
1859,30,Robusta,19,2026-03-25,4340.12,82462.28,2026-05-05,2026-05-13,2026-05-05,0.0,Shipped
1860,31,Robusta,38,2026-03-12,4387.45,166723.1,2026-05-15,2026-05-27,2026-05-15,0.0,Shipped
1861,24,Robusta,19,2026-03-09,4200.9,79817.1,2026-06-13,2026-04-15,2026-07-13,0.0,Shipped
1862,47,Robusta,38,2026-06-11,4325.77,164379.26,2026-10-27,2026-08-23,2026-10-27,0.0,Open
1863,7,Robusta,57,2026-04-10,4511.55,257158.35,2026-06-18,2026-06-25,2026-06-18,0.0,Shipped
1864,13,Arabica,57,2026-09-16,5789.33,329991.81,2026-12-22,2026-11-10,2027-02-05,0.0,Open
1865,5,Robusta,57,2026-05-30,4835.7,275634.9,2026-10-12,2026-07-29,2026-11-11,0.0,Open
1866,35,Robusta,19,2026-06-07,4106.46,78022.74,2026-08-19,2026-07-25,2026-09-18,0.0,Shipped
1867,33,Arabica,19,2026-04-21,6599.22,125385.18,2026-06-25,2026-05-26,2026-06-25,0.0,Shipped
1868,50,Robusta,96,2025-12-17,4560.96,437852.16,2026-01-21,2026-02-04,2026-02-20,0.0,Shipped
1869,28,Arabica,38,2025-12-16,5651.16,214744.08,2026-05-03,2026-03-03,2026-05-03,0.0,Shipped
1870,8,Robusta,19,2026-05-07,4272.16,81171.04,2026-06-19,2026-05-22,2026-07-19,0.0,Shipped
1871,23,Robusta,38,2026-03-19,4492.96,170732.48,2026-05-13,2026-04-16,2026-06-12,21531.03,Shipped
1872,5,Robusta,19,2026-08-27,3767.82,71588.58,2026-10-12,2026-10-13,2026-11-11,0.0,Open
1873,34,Arabica,38,2026-05-07,5678.94,215799.72,2026-08-29,2026-06-13,2026-10-13,0.0,Shipped
1874,34,Robusta,96,2026-03-06,4431.26,425400.96,2026-05-18,2026-04-30,2026-07-02,0.0,Shipped
1875,43,Arabica,38,2026-03-08,6303.36,239527.68,2026-06-30,2026-04-15,2026-08-14,0.0,Shipped
1876,17,Robusta,57,2025-12-13,4588.36,261536.52,2026-03-25,2026-02-08,2026-03-25,0.0,Shipped
1877,16,Robusta,38,2026-05-12,4200.01,159600.38,2026-06-12,2026-06-02,2026-07-27,0.0,Shipped
1878,4,Robusta,38,2025-12-30,4864.35,184845.3,2026-03-06,2026-02-04,2026-03-06,0.0,Shipped
1879,21,Robusta,57,2025-12-09,4435.4,252817.8,2026-01-08,2026-02-07,2026-02-22,0.0,Shipped
1880,24,Robusta,57,2026-04-10,4313.69,245880.33,2026-05-17,2026-05-25,2026-06-16,0.0,Shipped
1881,38,Robusta,38,2026-09-01,3739.09,142085.42,2026-11-26,2026-11-01,2026-12-26,0.0,Open
1882,38,Robusta,19,2026-06-08,4150.61,78861.59,2026-08-08,2026-08-03,2026-09-07,0.0,Shipped
1883,8,Arabica,96,2026-02-11,6640.46,637484.16,2026-03-23,2026-03-19,2026-04-22,0.0,Shipped
1884,15,Robusta,19,2026-04-07,4271.09,81150.71,2026-06-25,2026-05-19,2026-06-25,0.0,Shipped
1885,26,Robusta,96,2025-12-22,4647.46,446156.16,2026-03-16,2026-03-09,2026-04-30,0.0,Shipped
1886,17,Robusta,38,2026-01-27,4350.75,165328.5,2026-06-25,2026-04-14,2026-06-25,0.0,Shipped
1887,2,Robusta,96,2026-09-10,3879.11,372394.56,2026-12-28,2026-09-27,2027-02-11,0.0,Open
1888,43,Robusta,38,2026-01-13,4410.58,167602.04,2026-03-31,2026-03-14,2026-05-15,0.0,Shipped
1889,37,Arabica,57,2026-06-13,5324.84,303515.88,2026-09-07,2026-07-29,2026-10-07,0.0,Shipped
1890,27,Robusta,57,2026-01-26,4673.55,266392.35,2026-03-07,2026-02-10,2026-04-21,0.0,Shipped
1891,16,Arabica,38,2026-04-29,6223.64,236498.32,2026-07-14,2026-06-24,2026-08-28,30149.88,Shipped
1892,43,Robusta,19,2026-05-15,4083.24,77581.56,2026-08-22,2026-05-31,2026-10-06,0.0,Shipped
1893,2,Robusta,57,2026-09-07,3676.12,209538.84,2026-10-09,2026-10-12,2026-11-23,0.0,Open
1894,23,Arabica,57,2026-08-24,5617.53,320199.21,2027-01-11,2026-10-22,2027-02-10,0.0,Open
1895,41,Robusta,38,2026-04-03,4135.34,157142.92,2026-07-03,2026-06-09,2026-08-17,0.0,Shipped
1896,48,Robusta,96,2026-04-11,4609.26,442488.96,2026-08-13,2026-05-22,2026-09-12,0.0,Shipped
1897,13,Arabica,57,2026-04-15,6654.85,379326.45,2026-06-17,2026-06-21,2026-08-01,63618.57,Shipped
1898,33,Arabica,19,2026-08-13,5699.48,108290.12,2026-12-21,2026-10-21,2026-12-21,0.0,Open
1899,10,Arabica,96,2026-04-29,6339.48,608590.08,2026-07-12,2026-06-12,2026-07-12,0.0,Shipped
1900,6,Robusta,19,2026-09-10,3614.06,68667.14,2027-01-29,2026-10-06,2027-02-28,0.0,Open
1901,18,Robusta,57,2026-08-16,3748.04,213638.28,2026-11-16,2026-10-12,2026-12-16,0.0,Open
1902,45,Arabica,38,2026-05-02,6353.68,241439.84,2026-08-16,2026-05-17,2026-08-16,0.0,Shipped
1903,35,Arabica,57,2026-03-27,5642.11,321600.27,2026-05-20,2026-06-08,2026-06-19,0.0,Shipped
1904,25,Robusta,96,2026-03-16,4114.47,394989.12,2026-08-12,2026-04-25,2026-09-11,0.0,Shipped
1905,15,Robusta,57,2025-12-08,4592.76,261787.32,2026-01-30,2026-02-10,2026-01-30,0.0,Shipped
1906,8,Robusta,57,2026-01-15,4440.31,253097.67,2026-02-17,2026-03-18,2026-03-19,36648.76,Shipped
1907,14,Robusta,96,2026-06-07,4303.25,413112.0,2026-08-28,2026-07-22,2026-09-27,0.0,Shipped
1908,8,Arabica,57,2026-02-06,6886.14,392509.98,2026-06-16,2026-04-25,2026-07-16,76748.83,Shipped
1909,10,Robusta,96,2026-08-31,3777.7,362659.2,2027-01-18,2026-11-05,2027-01-18,0.0,Open
1910,35,Robusta,38,2026-01-14,4706.72,178855.36,2026-05-26,2026-03-27,2026-06-25,25321.72,Shipped
1911,7,Robusta,19,2026-06-05,4391.78,83443.82,2026-09-09,2026-06-26,2026-09-09,0.0,Shipped
1912,3,Robusta,19,2026-02-12,4454.14,84628.66,2026-07-02,2026-03-30,2026-08-01,0.0,Shipped
1913,28,Robusta,57,2025-12-11,4426.43,252306.51,2026-03-10,2026-02-25,2026-03-10,0.0,Shipped
1914,15,Robusta,57,2026-03-02,4216.19,240322.83,2026-05-28,2026-05-08,2026-05-28,0.0,Shipped
1915,23,Robusta,19,2025-12-26,4863.99,92415.81,2026-02-15,2026-02-08,2026-03-17,0.0,Shipped
1916,7,Arabica,19,2026-09-25,5723.26,108741.94,2027-01-27,2026-10-14,2027-01-27,0.0,Open
1917,11,Robusta,96,2026-08-08,4076.53,391346.88,2026-10-14,2026-09-10,2026-11-28,0.0,Open
1918,23,Robusta,57,2026-03-25,4131.51,235496.07,2026-05-17,2026-05-16,2026-06-16,32484.22,Shipped
1919,35,Robusta,96,2026-04-19,4878.7,468355.2,2026-07-02,2026-06-14,2026-08-01,0.0,Shipped
1920,21,Robusta,19,2026-08-23,4015.44,76293.36,2026-12-03,2026-11-06,2027-01-17,0.0,Open
1921,28,Robusta,19,2026-02-25,4139.63,78652.97,2026-04-28,2026-03-18,2026-04-28,0.0,Shipped
1922,27,Robusta,38,2026-09-11,3771.24,143307.12,2026-11-23,2026-10-21,2027-01-07,0.0,Open
1923,14,Robusta,96,2025-12-05,4707.79,451947.84,2026-02-12,2026-01-06,2026-03-14,0.0,Shipped
1924,14,Robusta,57,2026-08-13,3822.3,217871.1,2026-11-22,2026-10-29,2026-12-22,0.0,Open
1925,22,Arabica,96,2026-05-18,5563.26,534072.96,2026-09-10,2026-06-12,2026-10-25,0.0,Shipped
1926,2,Robusta,38,2026-01-25,4826.61,183411.18,2026-05-16,2026-02-23,2026-06-30,0.0,Shipped
1927,35,Robusta,38,2026-04-27,4369.0,166022.0,2026-06-12,2026-05-31,2026-07-12,0.0,Shipped
1928,31,Robusta,57,2026-02-17,4247.9,242130.3,2026-04-29,2026-03-10,2026-04-29,0.0,Shipped
1929,16,Robusta,96,2026-03-01,4152.31,398621.76,2026-06-16,2026-04-26,2026-07-31,0.0,Shipped
1930,19,Robusta,38,2025-12-18,4233.58,160876.04,2026-02-11,2026-02-05,2026-02-11,0.0,Shipped
1931,17,Robusta,57,2026-05-12,4218.35,240445.95,2026-06-19,2026-07-02,2026-06-19,0.0,Shipped
1932,33,Robusta,96,2025-12-09,4395.26,421944.96,2026-02-15,2026-02-20,2026-02-15,0.0,Shipped
1933,38,Robusta,38,2026-04-26,4533.34,172266.92,2026-08-15,2026-06-08,2026-09-14,0.0,Shipped
1934,6,Arabica,96,2026-01-04,5632.9,540758.4,2026-04-23,2026-02-08,2026-05-23,0.0,Shipped
1935,21,Arabica,57,2026-02-21,6527.58,372072.06,2026-04-07,2026-04-01,2026-05-22,57742.21,Shipped
1936,1,Arabica,96,2026-08-20,5556.11,533386.56,2026-12-09,2026-10-26,2027-01-23,0.0,Open
1937,23,Robusta,38,2026-03-19,4315.06,163972.28,2026-05-11,2026-05-07,2026-06-10,0.0,Shipped
1938,13,Robusta,57,2026-01-08,4560.41,259943.37,2026-05-06,2026-02-02,2026-06-20,48424.06,Shipped
1939,17,Robusta,38,2026-08-21,3802.53,144496.14,2026-11-26,2026-10-19,2026-11-26,0.0,Open
1940,23,Robusta,57,2026-01-20,4791.95,273141.15,2026-03-06,2026-03-24,2026-04-05,0.0,Shipped
1941,17,Robusta,38,2026-08-28,4048.74,153852.12,2026-11-08,2026-09-28,2026-11-08,0.0,Open
1942,20,Robusta,57,2026-01-10,4232.22,241236.54,2026-05-18,2026-03-02,2026-07-02,0.0,Shipped
1943,39,Robusta,96,2026-02-04,4344.76,417096.96,2026-04-26,2026-03-27,2026-06-10,0.0,Shipped
1944,41,Robusta,38,2026-08-14,3797.61,144309.18,2026-12-04,2026-09-09,2027-01-18,0.0,Open
1945,1,Robusta,38,2026-02-23,4212.39,160070.82,2026-06-22,2026-03-10,2026-08-06,0.0,Shipped
1946,19,Arabica,38,2026-08-24,5478.49,208182.62,2026-09-26,2026-10-24,2026-09-26,0.0,Shipped
1947,43,Robusta,57,2026-04-11,4523.69,257850.33,2026-08-30,2026-06-05,2026-10-14,50303.26,Shipped
1948,27,Arabica,57,2025-12-25,5724.45,326293.65,2026-03-05,2026-02-24,2026-04-19,0.0,Shipped
1949,11,Robusta,57,2026-07-29,3968.1,226181.7,2026-12-01,2026-09-06,2027-01-15,0.0,Open
1950,30,Robusta,19,2026-08-07,3759.32,71427.08,2026-11-01,2026-09-24,2026-11-01,0.0,Open
1951,8,Robusta,19,2026-05-25,4350.1,82651.9,2026-09-01,2026-08-11,2026-10-01,0.0,Shipped
1952,2,Robusta,19,2026-06-10,4159.91,79038.29,2026-08-22,2026-07-09,2026-10-06,0.0,Shipped
1953,32,Robusta,96,2026-09-14,3572.61,342970.56,2027-01-24,2026-11-10,2027-03-10,0.0,Open
1954,26,Robusta,96,2026-05-15,4252.96,408284.16,2026-06-28,2026-06-07,2026-08-12,0.0,Shipped
1955,38,Arabica,19,2026-07-13,5948.37,113019.03,2026-11-27,2026-08-01,2026-12-27,0.0,Open
1956,18,Robusta,19,2026-08-22,3675.35,69831.65,2026-10-15,2026-11-07,2026-11-14,0.0,Open
1957,43,Robusta,96,2026-07-08,4249.22,407925.12,2026-11-20,2026-07-31,2027-01-04,0.0,Open
1958,22,Arabica,57,2026-09-22,5910.17,336879.69,2026-10-24,2026-11-18,2026-12-08,0.0,Open
1959,37,Robusta,38,2025-12-28,4987.85,189538.3,2026-01-28,2026-02-14,2026-02-27,0.0,Shipped
1960,6,Robusta,57,2025-12-04,4506.01,256842.57,2026-01-14,2026-02-09,2026-02-13,0.0,Shipped
1961,5,Robusta,19,2026-06-10,4202.31,79843.89,2026-09-13,2026-07-30,2026-10-13,0.0,Shipped
1962,40,Robusta,19,2026-01-09,4408.23,83756.37,2026-03-11,2026-03-10,2026-04-10,0.0,Shipped
1963,42,Robusta,38,2026-05-13,4259.29,161853.02,2026-08-22,2026-07-25,2026-10-06,26636.36,Shipped
1964,48,Robusta,96,2025-12-29,4943.43,474569.28,2026-05-06,2026-03-07,2026-06-05,0.0,Shipped
1965,17,Arabica,96,2026-08-08,5528.47,530733.12,2026-09-10,2026-10-08,2026-09-10,0.0,Shipped
1966,2,Robusta,19,2026-07-05,4272.63,81179.97,2026-10-06,2026-07-30,2026-11-20,0.0,Open
1967,49,Robusta,57,2026-02-19,4189.92,238825.44,2026-06-17,2026-03-17,2026-08-01,0.0,Shipped
1968,31,Robusta,96,2026-07-24,4063.6,390105.6,2026-10-12,2026-09-09,2026-10-12,61123.58,Open
1969,13,Arabica,96,2026-01-24,6276.14,602509.44,2026-06-14,2026-03-22,2026-07-29,0.0,Shipped
1970,39,Arabica,96,2026-05-24,5427.42,521032.32,2026-09-10,2026-07-21,2026-10-25,0.0,Shipped
1971,46,Arabica,19,2026-05-30,5280.89,100336.91,2026-07-03,2026-08-04,2026-08-02,0.0,Shipped
1972,15,Arabica,19,2026-05-16,5926.8,112609.2,2026-08-18,2026-06-06,2026-08-18,0.0,Shipped
1973,39,Arabica,19,2026-02-01,6129.59,116462.21,2026-04-18,2026-02-27,2026-06-02,0.0,Shipped
1974,40,Robusta,19,2026-09-27,3672.81,69783.39,2026-11-11,2026-10-21,2026-12-11,0.0,Open
1975,26,Arabica,19,2026-02-15,6111.04,116109.76,2026-07-09,2026-04-06,2026-08-23,0.0,Shipped
1976,32,Robusta,38,2026-02-07,4283.57,162775.66,2026-04-04,2026-04-04,2026-05-19,0.0,Shipped
1977,14,Robusta,57,2026-01-25,4458.35,254125.95,2026-03-06,2026-02-16,2026-04-05,0.0,Shipped
1978,47,Arabica,38,2025-12-03,5910.27,224590.26,2026-01-28,2026-02-12,2026-01-28,0.0,Shipped
1979,50,Robusta,38,2026-02-06,4463.71,169620.98,2026-06-14,2026-03-12,2026-07-14,0.0,Shipped
1980,50,Robusta,19,2026-04-23,4570.8,86845.2,2026-08-02,2026-06-19,2026-09-01,0.0,Shipped
1981,37,Robusta,19,2026-05-12,4193.36,79673.84,2026-09-17,2026-07-14,2026-10-17,0.0,Shipped
1982,3,Robusta,96,2026-06-04,4418.42,424168.32,2026-08-28,2026-06-21,2026-09-27,0.0,Shipped
1983,19,Arabica,57,2026-01-23,6679.6,380737.2,2026-03-08,2026-04-04,2026-03-08,56996.3,Shipped
1984,23,Robusta,19,2026-06-03,4339.57,82451.83,2026-08-18,2026-08-20,2026-09-17,0.0,Shipped
1985,48,Arabica,96,2026-04-10,6275.48,602446.08,2026-06-02,2026-06-26,2026-07-02,0.0,Shipped
1986,28,Robusta,96,2026-08-31,3865.97,371133.12,2026-12-05,2026-09-24,2026-12-05,0.0,Open
1987,27,Arabica,96,2026-06-25,5288.37,507683.52,2026-08-26,2026-08-04,2026-10-10,0.0,Shipped
1988,8,Robusta,19,2026-07-11,4370.38,83037.22,2026-12-04,2026-08-10,2027-01-03,0.0,Open
1989,40,Arabica,57,2026-05-21,5341.52,304466.64,2026-08-04,2026-07-04,2026-09-03,0.0,Shipped
1990,17,Robusta,96,2026-05-01,4445.34,426752.64,2026-07-07,2026-07-18,2026-07-07,0.0,Shipped
1991,5,Robusta,96,2026-02-26,4259.98,408958.08,2026-07-24,2026-05-01,2026-08-23,0.0,Shipped
1992,50,Robusta,19,2026-05-22,4357.57,82793.83,2026-08-22,2026-07-26,2026-09-21,0.0,Shipped
1993,10,Robusta,96,2026-08-14,3797.53,364562.88,2026-10-03,2026-09-25,2026-10-03,0.0,Open
1994,1,Robusta,38,2026-04-18,4675.09,177653.42,2026-07-14,2026-07-02,2026-08-28,0.0,Shipped
1995,4,Arabica,38,2026-09-12,6037.61,229429.18,2026-11-11,2026-11-25,2026-11-11,0.0,Open
1996,23,Arabica,57,2026-01-17,5843.01,333051.57,2026-05-12,2026-03-25,2026-06-11,0.0,Shipped
1997,6,Arabica,96,2026-02-09,6276.17,602512.32,2026-05-18,2026-04-17,2026-06-17,0.0,Shipped
1998,43,Robusta,19,2026-07-23,3707.88,70449.72,2026-11-17,2026-09-18,2027-01-01,0.0,Open
1999,26,Robusta,57,2026-07-12,4119.5,234811.5,2026-12-01,2026-08-02,2027-01-15,0.0,Open
2000,17,Arabica,96,2026-09-20,6054.23,581206.08,2027-01-15,2026-10-23,2027-01-15,0.0,Open
